TESTATA;27/01/2022;09:48;SALARI 2021/12;920
GE;INIZIO;31/12/2021;31/12/2021;SE;555;N;SALARI 2021/12;;N;N;1
GE;RIGA;G;44;01;000001;;AM_00@ND@SO@SE;STI;EURO;;20073,72;20073,72;D;;;;;;31/12/2021;31/12/2021;SALARI 2021/12;;;;;;;N;;;;;;
GE;CDC;AM_00@ND@SO@SE;20073,72;ND
GE;RIGA;G;08;14;000001;;SE;STI;EURO;;907273,36;907273,36;A;;;;;;31/12/2021;31/12/2021;SALARI 2021/12;;;;;;;N;;;;;;
GE;CDC;AM_00@ND@SO@SE;30646,32;ND
GE;CDC;DG_00@ND@SO@SE;26127,71;ND
GE;CDC;LO_00@ND@NI@ND;31886,02;ND
GE;CDC;LO_00@ND@PR@ND;33535,93;ND
GE;CDC;LO_00@ND@SO@ND;60899,23;ND
GE;CDC;TR_02@ND@SO@ND;4819,50;ND
GE;CDC;TR_09@ND@PR@ND;8975,46;ND
GE;CDC;AM_04@ND@SO@ND;9319,19;ND
GE;CDC;AM_07@ND@SO@SE;14373,19;ND
GE;CDC;CO_00@ND@SO@SE;13206,00;ND
GE;CDC;CO_01@ND@SO@SE;5543,36;ND
GE;CDC;EC_0010@ND@BF@ND;24735,34;ND
GE;CDC;EC_0010@ND@BL@ND;279563,93;ND
GE;CDC;EC_0010@ND@BS@ND;113709,32;ND
GE;CDC;EC_0010@ND@BU@ND;64339,12;ND
GE;CDC;FA_01@ND@SO@SE;11606,74;ND
GE;CDC;LO_00@ND@CP@ND;19599,66;ND
GE;CDC;LO_00@ND@MO@ND;20067,51;ND
GE;CDC;LO_00@ND@RM@ND;43227,67;ND
GE;CDC;LO_00@ND@TA@ND;39960,36;ND
GE;CDC;SI_02@ND@SO@SE;5629,82;ND
GE;CDC;TR_02@ND@SO@SE;21065,91;ND
GE;CDC;TR_09@ND@MO@ND;24436,07;ND
GE;RIGA;G;44;01;000001;;DG_00@ND@SO@SE;STI;EURO;;17289,70;17289,70;D;;;;;;31/12/2021;31/12/2021;SALARI 2021/12;;;;;;;N;;;;;;
GE;CDC;DG_00@ND@SO@SE;17289,70;ND
GE;RIGA;G;44;01;000001;;LO_00@ND@NI@ND;STI;EURO;;21235,65;21235,65;D;;;;;;31/12/2021;31/12/2021;SALARI 2021/12;;;;;;;N;;;;;;
GE;CDC;LO_00@ND@NI@ND;21235,65;ND
GE;RIGA;G;44;01;000001;;LO_00@ND@PR@ND;STI;EURO;;21029,87;21029,87;D;;;;;;31/12/2021;31/12/2021;SALARI 2021/12;;;;;;;N;;;;;;
GE;CDC;LO_00@ND@PR@ND;21029,87;ND
GE;RIGA;G;44;01;000001;;LO_00@ND@SO@ND;STI;EURO;;33438,99;33438,99;D;;;;;;31/12/2021;31/12/2021;SALARI 2021/12;;;;;;;N;;;;;;
GE;CDC;LO_00@ND@SO@ND;33438,99;ND
GE;RIGA;G;44;01;000001;;TR_02@ND@SO@ND;STI;EURO;;3227,29;3227,29;D;;;;;;31/12/2021;31/12/2021;SALARI 2021/12;;;;;;;N;;;;;;
GE;CDC;TR_02@ND@SO@ND;3227,29;ND
GE;RIGA;G;44;01;000001;;TR_09@ND@PR@ND;STI;EURO;;6201,55;6201,55;D;;;;;;31/12/2021;31/12/2021;SALARI 2021/12;;;;;;;N;;;;;;
GE;CDC;TR_09@ND@PR@ND;6201,55;ND
GE;RIGA;G;08;14;000004;;SE;STI;EURO;;320094,36;320094,36;D;;;;;;31/12/2021;31/12/2021;SALARI 2021/12;;;;;;;N;;;;;;
GE;CDC;AM_00@ND@SO@SE;13997,63;ND
GE;CDC;AM_04@ND@SO@ND;5200,96;ND
GE;CDC;AM_07@ND@SO@SE;6209,71;ND
GE;CDC;CO_00@ND@SO@SE;6505,50;ND
GE;CDC;CO_01@ND@SO@SE;2285,27;ND
GE;CDC;DG_00@ND@SO@SE;12745,03;ND
GE;CDC;EC_0010@ND@BF@ND;7354,08;ND
GE;CDC;EC_0010@ND@BL@ND;89151,03;ND
GE;CDC;EC_0010@ND@BS@ND;34074,37;ND
GE;CDC;EC_0010@ND@BU@ND;18562,61;ND
GE;CDC;FA_01@ND@SO@SE;5638,90;ND
GE;CDC;LO_00@ND@CP@ND;5776,46;ND
GE;CDC;LO_00@ND@MO@ND;7778,95;ND
GE;CDC;LO_00@ND@NI@ND;9907,83;ND
GE;CDC;LO_00@ND@PR@ND;13709,19;ND
GE;CDC;LO_00@ND@RM@ND;18717,08;ND
GE;CDC;LO_00@ND@SO@ND;19760,04;ND
GE;CDC;LO_00@ND@TA@ND;16124,09;ND
GE;CDC;SI_02@ND@SO@SE;2767,43;ND
GE;CDC;TR_02@ND@SO@ND;1975,65;ND
GE;CDC;TR_02@ND@SO@SE;9345,14;ND
GE;CDC;TR_09@ND@MO@ND;10209,85;ND
GE;CDC;TR_09@ND@PR@ND;2297,56;ND
GE;RIGA;G;08;13;000001;;SE;STI;EURO;;259766,69;259766,69;A;;;;;;31/12/2021;31/12/2021;SALARI 2021/12;;;;;;;N;;;;;;
GE;CDC;AM_00@ND@SO@SE;10973,27;ND
GE;CDC;AM_04@ND@SO@ND;3437,84;ND
GE;CDC;AM_07@ND@SO@SE;4743,87;ND
GE;CDC;CO_00@ND@SO@SE;1579,83;ND
GE;CDC;CO_01@ND@SO@SE;1783,95;ND
GE;CDC;DG_00@ND@SO@SE;9582,35;ND
GE;CDC;EC_0010@ND@BF@ND;6843,21;ND
GE;CDC;EC_0010@ND@BL@ND;69298,72;ND
GE;CDC;EC_0010@ND@BS@ND;31657,39;ND
GE;CDC;EC_0010@ND@BU@ND;15835,79;ND
GE;CDC;FA_01@ND@SO@SE;4632,50;ND
GE;CDC;LO_00@ND@CP@ND;4706,73;ND
GE;CDC;LO_00@ND@MO@ND;6991,40;ND
GE;CDC;LO_00@ND@NI@ND;10962,51;ND
GE;CDC;LO_00@ND@PR@ND;11171,25;ND
GE;CDC;LO_00@ND@RM@ND;14047,49;ND
GE;CDC;LO_00@ND@SO@ND;17003,96;ND
GE;CDC;LO_00@ND@TA@ND;12277,91;ND
GE;CDC;SI_02@ND@SO@SE;1967,18;ND
GE;CDC;TR_02@ND@SO@ND;1715,39;ND
GE;CDC;TR_02@ND@SO@SE;7492,62;ND
GE;CDC;TR_09@ND@MO@ND;8132,82;ND
GE;CDC;TR_09@ND@PR@ND;2928,71;ND
GE;RIGA;G;08;14;000001;;SE;STI;EURO;;229952,14;229952,14;D;;;;;;31/12/2021;31/12/2021;SALARI 2021/12;;;;;;;N;;;;;;
GE;CDC;AM_00@ND@SO@SE;8786,32;ND
GE;CDC;AM_04@ND@SO@ND;1843,19;ND
GE;CDC;AM_07@ND@SO@SE;3920,19;ND
GE;CDC;CO_00@ND@SO@SE;5386,00;ND
GE;CDC;CO_01@ND@SO@SE;897,36;ND
GE;CDC;DG_00@ND@SO@SE;12583,71;ND
GE;CDC;EC_0010@ND@BF@ND;5007,34;ND
GE;CDC;EC_0010@ND@BL@ND;70673,43;ND
GE;CDC;EC_0010@ND@BS@ND;25651,32;ND
GE;CDC;EC_0010@ND@BU@ND;19011,40;ND
GE;CDC;FA_01@ND@SO@SE;4980,74;ND
GE;CDC;LO_00@ND@CP@ND;5150,66;ND
GE;CDC;LO_00@ND@MO@ND;3286,51;ND
GE;CDC;LO_00@ND@NI@ND;5716,02;ND
GE;CDC;LO_00@ND@PR@ND;9726,93;ND
GE;CDC;LO_00@ND@RM@ND;9982,67;ND
GE;CDC;LO_00@ND@SO@ND;14261,23;ND
GE;CDC;LO_00@ND@TA@ND;8238,36;ND
GE;CDC;SI_02@ND@SO@SE;1018,82;ND
GE;CDC;TR_02@ND@SO@ND;1195,50;ND
GE;CDC;TR_02@ND@SO@SE;6030,91;ND
GE;CDC;TR_09@ND@MO@ND;4878,07;ND
GE;CDC;TR_09@ND@PR@ND;1725,46;ND
GE;RIGA;G;44;01;000002;;AM_00@ND@SO@SE;STI;EURO;;9510,63;9510,63;D;;;;;;31/12/2021;31/12/2021;SALARI 2021/12;;;;;;;N;;;;;;
GE;CDC;AM_00@ND@SO@SE;9510,63;ND
GE;RIGA;G;44;01;000002;;AM_04@ND@SO@ND;STI;EURO;;3020,46;3020,46;D;;;;;;31/12/2021;31/12/2021;SALARI 2021/12;;;;;;;N;;;;;;
GE;CDC;AM_04@ND@SO@ND;3020,46;ND
GE;RIGA;G;44;01;000002;;AM_07@ND@SO@SE;STI;EURO;;4100,05;4100,05;D;;;;;;31/12/2021;31/12/2021;SALARI 2021/12;;;;;;;N;;;;;;
GE;CDC;AM_07@ND@SO@SE;4100,05;ND
GE;RIGA;G;44;01;000002;;CO_00@ND@SO@SE;STI;EURO;;1686,11;1686,11;D;;;;;;31/12/2021;31/12/2021;SALARI 2021/12;;;;;;;N;;;;;;
GE;CDC;CO_00@ND@SO@SE;1686,11;ND
GE;RIGA;G;44;01;000002;;CO_01@ND@SO@SE;STI;EURO;;1536,64;1536,64;D;;;;;;31/12/2021;31/12/2021;SALARI 2021/12;;;;;;;N;;;;;;
GE;CDC;CO_01@ND@SO@SE;1536,64;ND
GE;RIGA;G;44;01;000002;;DG_00@ND@SO@SE;STI;EURO;;8653,20;8653,20;D;;;;;;31/12/2021;31/12/2021;SALARI 2021/12;;;;;;;N;;;;;;
GE;CDC;DG_00@ND@SO@SE;8653,20;ND
GE;RIGA;G;44;01;000002;;EC_0010@ND@BF@ND;STI;EURO;;6080,32;6080,32;D;;;;;;31/12/2021;31/12/2021;SALARI 2021/12;;;;;;;N;;;;;;
GE;CDC;EC_0010@ND@BF@ND;6080,32;ND
GE;RIGA;G;44;01;000002;;EC_0010@ND@BL@ND;STI;EURO;;60058,97;60058,97;D;;;;;;31/12/2021;31/12/2021;SALARI 2021/12;;;;;;;N;;;;;;
GE;CDC;EC_0010@ND@BL@ND;60058,97;ND
GE;RIGA;G;44;01;000002;;EC_0010@ND@BS@ND;STI;EURO;;27764,63;27764,63;D;;;;;;31/12/2021;31/12/2021;SALARI 2021/12;;;;;;;N;;;;;;
GE;CDC;EC_0010@ND@BS@ND;27764,63;ND
GE;RIGA;G;44;01;000002;;EC_0010@ND@BU@ND;STI;EURO;;14088,04;14088,04;D;;;;;;31/12/2021;31/12/2021;SALARI 2021/12;;;;;;;N;;;;;;
GE;CDC;EC_0010@ND@BU@ND;14088,04;ND
GE;RIGA;G;44;01;000002;;FA_01@ND@SO@SE;STI;EURO;;3919,51;3919,51;D;;;;;;31/12/2021;31/12/2021;SALARI 2021/12;;;;;;;N;;;;;;
GE;CDC;FA_01@ND@SO@SE;3919,51;ND
GE;RIGA;G;44;01;000002;;LO_00@ND@CP@ND;STI;EURO;;4079,23;4079,23;D;;;;;;31/12/2021;31/12/2021;SALARI 2021/12;;;;;;;N;;;;;;
GE;CDC;LO_00@ND@CP@ND;4079,23;ND
GE;RIGA;G;44;01;000002;;LO_00@ND@MO@ND;STI;EURO;;6055,69;6055,69;D;;;;;;31/12/2021;31/12/2021;SALARI 2021/12;;;;;;;N;;;;;;
GE;CDC;LO_00@ND@MO@ND;6055,69;ND
GE;RIGA;G;44;01;000002;;LO_00@ND@NI@ND;STI;EURO;;9573,27;9573,27;D;;;;;;31/12/2021;31/12/2021;SALARI 2021/12;;;;;;;N;;;;;;
GE;CDC;LO_00@ND@NI@ND;9573,27;ND
GE;RIGA;G;44;01;000002;;LO_00@ND@PR@ND;STI;EURO;;9572,81;9572,81;D;;;;;;31/12/2021;31/12/2021;SALARI 2021/12;;;;;;;N;;;;;;
GE;CDC;LO_00@ND@PR@ND;9572,81;ND
GE;RIGA;G;44;01;000002;;LO_00@ND@RM@ND;STI;EURO;;12142,38;12142,38;D;;;;;;31/12/2021;31/12/2021;SALARI 2021/12;;;;;;;N;;;;;;
GE;CDC;LO_00@ND@RM@ND;12142,38;ND
GE;RIGA;G;44;01;000002;;LO_00@ND@SO@ND;STI;EURO;;14719,58;14719,58;D;;;;;;31/12/2021;31/12/2021;SALARI 2021/12;;;;;;;N;;;;;;
GE;CDC;LO_00@ND@SO@ND;14719,58;ND
GE;RIGA;G;44;01;000002;;LO_00@ND@TA@ND;STI;EURO;;10610,05;10610,05;D;;;;;;31/12/2021;31/12/2021;SALARI 2021/12;;;;;;;N;;;;;;
GE;CDC;LO_00@ND@TA@ND;10610,05;ND
GE;RIGA;G;44;01;000002;;SI_02@ND@SO@SE;STI;EURO;;1707,01;1707,01;D;;;;;;31/12/2021;31/12/2021;SALARI 2021/12;;;;;;;N;;;;;;
GE;CDC;SI_02@ND@SO@SE;1707,01;ND
GE;RIGA;G;44;01;000002;;TR_02@ND@SO@ND;STI;EURO;;1469,25;1469,25;D;;;;;;31/12/2021;31/12/2021;SALARI 2021/12;;;;;;;N;;;;;;
GE;CDC;TR_02@ND@SO@ND;1469,25;ND
GE;RIGA;G;44;01;000002;;TR_02@ND@SO@SE;STI;EURO;;6519,42;6519,42;D;;;;;;31/12/2021;31/12/2021;SALARI 2021/12;;;;;;;N;;;;;;
GE;CDC;TR_02@ND@SO@SE;6519,42;ND
GE;RIGA;G;44;01;000002;;TR_09@ND@MO@ND;STI;EURO;;7142,49;7142,49;D;;;;;;31/12/2021;31/12/2021;SALARI 2021/12;;;;;;;N;;;;;;
GE;CDC;TR_09@ND@MO@ND;7142,49;ND
GE;RIGA;G;44;01;000002;;TR_09@ND@PR@ND;STI;EURO;;2580,74;2580,74;D;;;;;;31/12/2021;31/12/2021;SALARI 2021/12;;;;;;;N;;;;;;
GE;CDC;TR_09@ND@PR@ND;2580,74;ND
GE;RIGA;G;44;01;000002;;EC_0010@ND@BU@ND;STI;EURO;;7046,40;7046,40;A;;;;;;31/12/2021;31/12/2021;SALARI 2021/12;;;;;;;N;;;;;;
GE;CDC;EC_0010@ND@BU@ND;7046,40;ND
GE;RIGA;G;08;13;000001;;SE;STI;EURO;;18696,45;18696,45;D;;;;;;31/12/2021;31/12/2021;SALARI 2021/12;;;;;;;N;;;;;;
GE;CDC;EC_0010@ND@BU@ND;2962,12;ND
GE;CDC;LO_00@ND@SO@ND;683,83;ND
GE;CDC;LO_00@ND@TA@ND;602,71;ND
GE;CDC;EC_0010@ND@BF@ND;823,26;ND
GE;CDC;EC_0010@ND@BL@ND;8546,43;ND
GE;CDC;EC_0010@ND@BS@ND;2981,56;ND
GE;CDC;LO_00@ND@NI@ND;85,71;ND
GE;CDC;LO_00@ND@PR@ND;920,52;ND
GE;CDC;LO_00@ND@RM@ND;675,14;ND
GE;CDC;TR_09@ND@MO@ND;415,17;ND
GE;RIGA;G;44;01;000002;;LO_00@ND@SO@ND;STI;EURO;;6315,05;6315,05;A;;;;;;31/12/2021;31/12/2021;SALARI 2021/12;;;;;;;N;;;;;;
GE;CDC;LO_00@ND@SO@ND;6315,05;ND
GE;RIGA;G;44;01;000002;;LO_00@ND@TA@ND;STI;EURO;;5217,60;5217,60;A;;;;;;31/12/2021;31/12/2021;SALARI 2021/12;;;;;;;N;;;;;;
GE;CDC;LO_00@ND@TA@ND;5217,60;ND
GE;RIGA;G;08;13;000017;;SE;STI;EURO;;1611,58;1611,58;A;;;;;;31/12/2021;31/12/2021;SALARI 2021/12;;;;;;;N;;;;;;
GE;CDC;AM_04@ND@SO@ND;441,41;ND
GE;CDC;LO_00@ND@PR@ND;395,25;ND
GE;CDC;EC_0010@ND@BL@ND;155,75;ND
GE;CDC;EC_0010@ND@BS@ND;235,73;ND
GE;CDC;LO_00@ND@TA@ND;383,44;ND
GE;RIGA;G;44;01;000004;;AM_00@ND@SO@SE;STI;EURO;;155,24;155,24;D;;;;;;31/12/2021;31/12/2021;SALARI 2021/12;;;;;;;N;;;;;;
GE;CDC;AM_00@ND@SO@SE;155,24;ND
GE;RIGA;G;08;13;000003;;SE;STI;EURO;;24685,76;24685,76;A;;;;;;31/12/2021;31/12/2021;SALARI 2021/12;;;;;;;N;;;;;;
GE;CDC;AM_00@ND@SO@SE;135,11;ND
GE;CDC;AM_04@ND@SO@ND;42,88;ND
GE;CDC;AM_07@ND@SO@SE;157,98;ND
GE;CDC;CO_00@ND@SO@SE;117,66;ND
GE;CDC;CO_01@ND@SO@SE;22,10;ND
GE;CDC;DG_00@ND@SO@SE;229,15;ND
GE;CDC;EC_0010@ND@BF@ND;1122,11;ND
GE;CDC;EC_0010@ND@BL@ND;10786,01;ND
GE;CDC;EC_0010@ND@BS@ND;5209,93;ND
GE;CDC;EC_0010@ND@BU@ND;2617,75;ND
GE;CDC;FA_01@ND@SO@SE;103,72;ND
GE;CDC;LO_00@ND@CP@ND;52,62;ND
GE;CDC;LO_00@ND@MO@ND;471,00;ND
GE;CDC;LO_00@ND@NI@ND;664,53;ND
GE;CDC;LO_00@ND@PR@ND;216,29;ND
GE;CDC;LO_00@ND@RM@ND;377,57;ND
GE;CDC;LO_00@ND@SO@ND;209,28;ND
GE;CDC;LO_00@ND@TA@ND;152,62;ND
GE;CDC;SI_02@ND@SO@SE;24,43;ND
GE;CDC;TR_02@ND@SO@ND;21,20;ND
GE;CDC;TR_02@ND@SO@SE;92,37;ND
GE;CDC;TR_09@ND@MO@ND;1379,28;ND
GE;CDC;TR_09@ND@PR@ND;480,17;ND
GE;RIGA;G;44;01;000004;;AM_04@ND@SO@ND;STI;EURO;;48,89;48,89;D;;;;;;31/12/2021;31/12/2021;SALARI 2021/12;;;;;;;N;;;;;;
GE;CDC;AM_04@ND@SO@ND;48,89;ND
GE;RIGA;G;44;01;000004;;AM_07@ND@SO@SE;STI;EURO;;180,19;180,19;D;;;;;;31/12/2021;31/12/2021;SALARI 2021/12;;;;;;;N;;;;;;
GE;CDC;AM_07@ND@SO@SE;180,19;ND
GE;RIGA;G;44;01;000004;;CO_00@ND@SO@SE;STI;EURO;;131,77;131,77;D;;;;;;31/12/2021;31/12/2021;SALARI 2021/12;;;;;;;N;;;;;;
GE;CDC;CO_00@ND@SO@SE;131,77;ND
GE;RIGA;G;44;01;000004;;CO_01@ND@SO@SE;STI;EURO;;25,08;25,08;D;;;;;;31/12/2021;31/12/2021;SALARI 2021/12;;;;;;;N;;;;;;
GE;CDC;CO_01@ND@SO@SE;25,08;ND
GE;RIGA;G;44;01;000004;;DG_00@ND@SO@SE;STI;EURO;;258,13;258,13;D;;;;;;31/12/2021;31/12/2021;SALARI 2021/12;;;;;;;N;;;;;;
GE;CDC;DG_00@ND@SO@SE;258,13;ND
GE;RIGA;G;44;01;000004;;EC_0010@ND@BF@ND;STI;EURO;;1281,80;1281,80;D;;;;;;31/12/2021;31/12/2021;SALARI 2021/12;;;;;;;N;;;;;;
GE;CDC;EC_0010@ND@BF@ND;1281,80;ND
GE;RIGA;G;44;01;000004;;EC_0010@ND@BL@ND;STI;EURO;;12214,24;12214,24;D;;;;;;31/12/2021;31/12/2021;SALARI 2021/12;;;;;;;N;;;;;;
GE;CDC;EC_0010@ND@BL@ND;12214,24;ND
GE;RIGA;G;44;01;000004;;EC_0010@ND@BS@ND;STI;EURO;;5881,41;5881,41;D;;;;;;31/12/2021;31/12/2021;SALARI 2021/12;;;;;;;N;;;;;;
GE;CDC;EC_0010@ND@BS@ND;5881,41;ND
GE;RIGA;G;44;01;000004;;EC_0010@ND@BU@ND;STI;EURO;;3001,00;3001,00;D;;;;;;31/12/2021;31/12/2021;SALARI 2021/12;;;;;;;N;;;;;;
GE;CDC;EC_0010@ND@BU@ND;3001,00;ND
GE;RIGA;G;44;01;000004;;FA_01@ND@SO@SE;STI;EURO;;118,06;118,06;D;;;;;;31/12/2021;31/12/2021;SALARI 2021/12;;;;;;;N;;;;;;
GE;CDC;FA_01@ND@SO@SE;118,06;ND
GE;RIGA;G;44;01;000004;;LO_00@ND@CP@ND;STI;EURO;;60,26;60,26;D;;;;;;31/12/2021;31/12/2021;SALARI 2021/12;;;;;;;N;;;;;;
GE;CDC;LO_00@ND@CP@ND;60,26;ND
GE;RIGA;G;44;01;000004;;LO_00@ND@MO@ND;STI;EURO;;528,58;528,58;D;;;;;;31/12/2021;31/12/2021;SALARI 2021/12;;;;;;;N;;;;;;
GE;CDC;LO_00@ND@MO@ND;528,58;ND
GE;RIGA;G;44;01;000004;;LO_00@ND@NI@ND;STI;EURO;;757,55;757,55;D;;;;;;31/12/2021;31/12/2021;SALARI 2021/12;;;;;;;N;;;;;;
GE;CDC;LO_00@ND@NI@ND;757,55;ND
GE;RIGA;G;44;01;000004;;LO_00@ND@PR@ND;STI;EURO;;235,06;235,06;D;;;;;;31/12/2021;31/12/2021;SALARI 2021/12;;;;;;;N;;;;;;
GE;CDC;LO_00@ND@PR@ND;235,06;ND
GE;RIGA;G;44;01;000004;;LO_00@ND@RM@ND;STI;EURO;;427,87;427,87;D;;;;;;31/12/2021;31/12/2021;SALARI 2021/12;;;;;;;N;;;;;;
GE;CDC;LO_00@ND@RM@ND;427,87;ND
GE;RIGA;G;44;01;000004;;LO_00@ND@SO@ND;STI;EURO;;238,70;238,70;D;;;;;;31/12/2021;31/12/2021;SALARI 2021/12;;;;;;;N;;;;;;
GE;CDC;LO_00@ND@SO@ND;238,70;ND
GE;RIGA;G;44;01;000004;;LO_00@ND@TA@ND;STI;EURO;;173,70;173,70;D;;;;;;31/12/2021;31/12/2021;SALARI 2021/12;;;;;;;N;;;;;;
GE;CDC;LO_00@ND@TA@ND;173,70;ND
GE;RIGA;G;44;01;000004;;SI_02@ND@SO@SE;STI;EURO;;27,85;27,85;D;;;;;;31/12/2021;31/12/2021;SALARI 2021/12;;;;;;;N;;;;;;
GE;CDC;SI_02@ND@SO@SE;27,85;ND
GE;RIGA;G;44;01;000004;;TR_02@ND@SO@ND;STI;EURO;;23,97;23,97;D;;;;;;31/12/2021;31/12/2021;SALARI 2021/12;;;;;;;N;;;;;;
GE;CDC;TR_02@ND@SO@ND;23,97;ND
GE;RIGA;G;44;01;000004;;TR_02@ND@SO@SE;STI;EURO;;105,37;105,37;D;;;;;;31/12/2021;31/12/2021;SALARI 2021/12;;;;;;;N;;;;;;
GE;CDC;TR_02@ND@SO@SE;105,37;ND
GE;RIGA;G;44;01;000004;;TR_09@ND@MO@ND;STI;EURO;;1573,01;1573,01;D;;;;;;31/12/2021;31/12/2021;SALARI 2021/12;;;;;;;N;;;;;;
GE;CDC;TR_09@ND@MO@ND;1573,01;ND
GE;RIGA;G;44;01;000004;;TR_09@ND@PR@ND;STI;EURO;;544,04;544,04;D;;;;;;31/12/2021;31/12/2021;SALARI 2021/12;;;;;;;N;;;;;;
GE;CDC;TR_09@ND@PR@ND;544,04;ND
GE;RIGA;G;08;12;000010;;SE;STI;EURO;;134992,53;134992,53;A;;;;;;31/12/2021;31/12/2021;SALARI 2021/12;;;;;;;N;;;;;;
GE;CDC;AM_00@ND@SO@SE;6073,85;ND
GE;CDC;AM_04@ND@SO@ND;954,73;ND
GE;CDC;AM_07@ND@SO@SE;2580,94;ND
GE;CDC;CO_00@ND@SO@SE;4970,89;ND
GE;CDC;CO_01@ND@SO@SE;465,12;ND
GE;CDC;DG_00@ND@SO@SE;9812,88;ND
GE;CDC;EC_0010@ND@BF@ND;2970,58;ND
GE;CDC;EC_0010@ND@BL@ND;37546,58;ND
GE;CDC;EC_0010@ND@BS@ND;16856,76;ND
GE;CDC;EC_0010@ND@BU@ND;9550,73;ND
GE;CDC;FA_01@ND@SO@SE;3789,37;ND
GE;CDC;LO_00@ND@CP@ND;1416,80;ND
GE;CDC;LO_00@ND@MO@ND;1657,39;ND
GE;CDC;LO_00@ND@NI@ND;3127,69;ND
GE;CDC;LO_00@ND@PR@ND;5858,35;ND
GE;CDC;LO_00@ND@RM@ND;6274,00;ND
GE;CDC;LO_00@ND@SO@ND;7548,22;ND
GE;CDC;LO_00@ND@TA@ND;4233,09;ND
GE;CDC;SI_02@ND@SO@SE;545,15;ND
GE;CDC;TR_02@ND@SO@ND;776,21;ND
GE;CDC;TR_02@ND@SO@SE;3924,06;ND
GE;CDC;TR_09@ND@MO@ND;2991,52;ND
GE;CDC;TR_09@ND@PR@ND;1067,62;ND
GE;RIGA;G;08;14;000008;;SE;STI;EURO;;147,45;147,45;A;;;;;;31/12/2021;31/12/2021;SALARI 2021/12;;;;;;;N;;;;;;
GE;CDC;EC_0010@ND@BU@ND;66,35;ND
GE;CDC;LO_00@ND@PR@ND;81,10;ND
GE;RIGA;G;08;14;000006;;SE;STI;EURO;;3843,42;3843,42;A;;;;;;31/12/2021;31/12/2021;SALARI 2021/12;;;;;;;N;;;;;;
GE;CDC;EC_0010@ND@BL@ND;2020,11;ND
GE;CDC;EC_0010@ND@BS@ND;730,6;ND
GE;CDC;EC_0010@ND@BU@ND;1092,71;ND
GE;RIGA;G;61;01;000005;;AM_00@ND@SO@SE;STI;EURO;;5,29;5,29;D;;;;;;31/12/2021;31/12/2021;SALARI 2021/12;;;;;;;N;;;;;;
GE;CDC;AM_00@ND@SO@SE;5,29;ND
GE;RIGA;G;61;01;000005;;AM_04@ND@SO@ND;STI;EURO;;1,30;1,30;D;;;;;;31/12/2021;31/12/2021;SALARI 2021/12;;;;;;;N;;;;;;
GE;CDC;AM_04@ND@SO@ND;1,30;ND
GE;RIGA;G;61;01;000005;;AM_07@ND@SO@SE;STI;EURO;;4,36;4,36;D;;;;;;31/12/2021;31/12/2021;SALARI 2021/12;;;;;;;N;;;;;;
GE;CDC;AM_07@ND@SO@SE;4,36;ND
GE;RIGA;G;61;01;000005;;CO_00@ND@SO@SE;STI;EURO;;0,72;0,72;D;;;;;;31/12/2021;31/12/2021;SALARI 2021/12;;;;;;;N;;;;;;
GE;CDC;CO_00@ND@SO@SE;0,72;ND
GE;RIGA;G;61;01;000005;;CO_01@ND@SO@SE;STI;EURO;;0,99;0,99;D;;;;;;31/12/2021;31/12/2021;SALARI 2021/12;;;;;;;N;;;;;;
GE;CDC;CO_01@ND@SO@SE;0,99;ND
GE;RIGA;G;61;01;000005;;DG_00@ND@SO@SE;STI;EURO;;0,93;0,93;D;;;;;;31/12/2021;31/12/2021;SALARI 2021/12;;;;;;;N;;;;;;
GE;CDC;DG_00@ND@SO@SE;0,93;ND
GE;RIGA;G;61;01;000005;;EC_0010@ND@BF@ND;STI;EURO;;3,41;3,41;D;;;;;;31/12/2021;31/12/2021;SALARI 2021/12;;;;;;;N;;;;;;
GE;CDC;EC_0010@ND@BF@ND;3,41;ND
GE;RIGA;G;61;01;000005;;EC_0010@ND@BL@ND;STI;EURO;;40,62;40,62;D;;;;;;31/12/2021;31/12/2021;SALARI 2021/12;;;;;;;N;;;;;;
GE;CDC;EC_0010@ND@BL@ND;40,62;ND
GE;RIGA;G;61;01;000005;;EC_0010@ND@BS@ND;STI;EURO;;19,41;19,41;D;;;;;;31/12/2021;31/12/2021;SALARI 2021/12;;;;;;;N;;;;;;
GE;CDC;EC_0010@ND@BS@ND;19,41;ND
GE;RIGA;G;61;01;000005;;EC_0010@ND@BU@ND;STI;EURO;;12,81;12,81;D;;;;;;31/12/2021;31/12/2021;SALARI 2021/12;;;;;;;N;;;;;;
GE;CDC;EC_0010@ND@BU@ND;12,81;ND
GE;RIGA;G;61;01;000005;;FA_01@ND@SO@SE;STI;EURO;;0,94;0,94;D;;;;;;31/12/2021;31/12/2021;SALARI 2021/12;;;;;;;N;;;;;;
GE;CDC;FA_01@ND@SO@SE;0,94;ND
GE;RIGA;G;61;01;000005;;LO_00@ND@CP@ND;STI;EURO;;5,03;5,03;D;;;;;;31/12/2021;31/12/2021;SALARI 2021/12;;;;;;;N;;;;;;
GE;CDC;LO_00@ND@CP@ND;5,03;ND
GE;RIGA;G;61;01;000005;;LO_00@ND@MO@ND;STI;EURO;;4,07;4,07;D;;;;;;31/12/2021;31/12/2021;SALARI 2021/12;;;;;;;N;;;;;;
GE;CDC;LO_00@ND@MO@ND;4,07;ND
GE;RIGA;G;61;01;000005;;LO_00@ND@NI@ND;STI;EURO;;8,25;8,25;D;;;;;;31/12/2021;31/12/2021;SALARI 2021/12;;;;;;;N;;;;;;
GE;CDC;LO_00@ND@NI@ND;8,25;ND
GE;RIGA;G;61;01;000005;;LO_00@ND@PR@ND;STI;EURO;;4,94;4,94;D;;;;;;31/12/2021;31/12/2021;SALARI 2021/12;;;;;;;N;;;;;;
GE;CDC;LO_00@ND@PR@ND;4,94;ND
GE;RIGA;G;61;01;000005;;LO_00@ND@RM@ND;STI;EURO;;8,99;8,99;D;;;;;;31/12/2021;31/12/2021;SALARI 2021/12;;;;;;;N;;;;;;
GE;CDC;LO_00@ND@RM@ND;8,99;ND
GE;RIGA;G;61;01;000005;;LO_00@ND@SO@ND;STI;EURO;;10,60;10,60;D;;;;;;31/12/2021;31/12/2021;SALARI 2021/12;;;;;;;N;;;;;;
GE;CDC;LO_00@ND@SO@ND;10,60;ND
GE;RIGA;G;61;01;000005;;LO_00@ND@TA@ND;STI;EURO;;9,16;9,16;D;;;;;;31/12/2021;31/12/2021;SALARI 2021/12;;;;;;;N;;;;;;
GE;CDC;LO_00@ND@TA@ND;9,16;ND
GE;RIGA;G;61;01;000005;;SI_02@ND@SO@SE;STI;EURO;;1,82;1,82;D;;;;;;31/12/2021;31/12/2021;SALARI 2021/12;;;;;;;N;;;;;;
GE;CDC;SI_02@ND@SO@SE;1,82;ND
GE;RIGA;G;61;01;000005;;TR_02@ND@SO@ND;STI;EURO;;0,25;0,25;D;;;;;;31/12/2021;31/12/2021;SALARI 2021/12;;;;;;;N;;;;;;
GE;CDC;TR_02@ND@SO@ND;0,25;ND
GE;RIGA;G;61;01;000005;;TR_02@ND@SO@SE;STI;EURO;;4,75;4,75;D;;;;;;31/12/2021;31/12/2021;SALARI 2021/12;;;;;;;N;;;;;;
GE;CDC;TR_02@ND@SO@SE;4,75;ND
GE;RIGA;G;61;01;000005;;TR_09@ND@MO@ND;STI;EURO;;6,12;6,12;D;;;;;;31/12/2021;31/12/2021;SALARI 2021/12;;;;;;;N;;;;;;
GE;CDC;TR_09@ND@MO@ND;6,12;ND
GE;RIGA;G;61;01;000005;;TR_09@ND@PR@ND;STI;EURO;;2,50;2,50;D;;;;;;31/12/2021;31/12/2021;SALARI 2021/12;;;;;;;N;;;;;;
GE;CDC;TR_09@ND@PR@ND;2,50;ND
GE;RIGA;G;46;01;000050;;AM_00@ND@SO@SE;STI;EURO;;4,8;4,8;A;;;;;;31/12/2021;31/12/2021;SALARI 2021/12;;;;;;;N;;;;;;
GE;CDC;AM_00@ND@SO@SE;4,8;ND
GE;RIGA;G;46;01;000050;;AM_04@ND@SO@ND;STI;EURO;;1,68;1,68;A;;;;;;31/12/2021;31/12/2021;SALARI 2021/12;;;;;;;N;;;;;;
GE;CDC;AM_04@ND@SO@ND;1,68;ND
GE;RIGA;G;46;01;000050;;AM_07@ND@SO@SE;STI;EURO;;3,95;3,95;A;;;;;;31/12/2021;31/12/2021;SALARI 2021/12;;;;;;;N;;;;;;
GE;CDC;AM_07@ND@SO@SE;3,95;ND
GE;RIGA;G;46;01;000050;;CO_00@ND@SO@SE;STI;EURO;;0,81;0,81;A;;;;;;31/12/2021;31/12/2021;SALARI 2021/12;;;;;;;N;;;;;;
GE;CDC;CO_00@ND@SO@SE;0,81;ND
GE;RIGA;G;46;01;000050;;CO_01@ND@SO@SE;STI;EURO;;0,69;0,69;A;;;;;;31/12/2021;31/12/2021;SALARI 2021/12;;;;;;;N;;;;;;
GE;CDC;CO_01@ND@SO@SE;0,69;ND
GE;RIGA;G;46;01;000050;;DG_00@ND@SO@SE;STI;EURO;;0,63;0,63;A;;;;;;31/12/2021;31/12/2021;SALARI 2021/12;;;;;;;N;;;;;;
GE;CDC;DG_00@ND@SO@SE;0,63;ND
GE;RIGA;G;46;01;000050;;EC_0010@ND@BF@ND;STI;EURO;;2,83;2,83;A;;;;;;31/12/2021;31/12/2021;SALARI 2021/12;;;;;;;N;;;;;;
GE;CDC;EC_0010@ND@BF@ND;2,83;ND
GE;RIGA;G;46;01;000050;;EC_0010@ND@BL@ND;STI;EURO;;45,00;45,00;A;;;;;;31/12/2021;31/12/2021;SALARI 2021/12;;;;;;;N;;;;;;
GE;CDC;EC_0010@ND@BL@ND;45,00;ND
GE;RIGA;G;46;01;000050;;EC_0010@ND@BS@ND;STI;EURO;;19,89;19,89;A;;;;;;31/12/2021;31/12/2021;SALARI 2021/12;;;;;;;N;;;;;;
GE;CDC;EC_0010@ND@BS@ND;19,89;ND
GE;RIGA;G;46;01;000050;;EC_0010@ND@BU@ND;STI;EURO;;12,40;12,40;A;;;;;;31/12/2021;31/12/2021;SALARI 2021/12;;;;;;;N;;;;;;
GE;CDC;EC_0010@ND@BU@ND;12,40;ND
GE;RIGA;G;46;01;000050;;FA_01@ND@SO@SE;STI;EURO;;0,53;0,53;A;;;;;;31/12/2021;31/12/2021;SALARI 2021/12;;;;;;;N;;;;;;
GE;CDC;FA_01@ND@SO@SE;0,53;ND
GE;RIGA;G;46;01;000050;;LO_00@ND@CP@ND;STI;EURO;;3,78;3,78;A;;;;;;31/12/2021;31/12/2021;SALARI 2021/12;;;;;;;N;;;;;;
GE;CDC;LO_00@ND@CP@ND;3,78;ND
GE;RIGA;G;46;01;000050;;LO_00@ND@MO@ND;STI;EURO;;3,22;3,22;A;;;;;;31/12/2021;31/12/2021;SALARI 2021/12;;;;;;;N;;;;;;
GE;CDC;LO_00@ND@MO@ND;3,22;ND
GE;RIGA;G;46;01;000050;;LO_00@ND@NI@ND;STI;EURO;;8,81;8,81;A;;;;;;31/12/2021;31/12/2021;SALARI 2021/12;;;;;;;N;;;;;;
GE;CDC;LO_00@ND@NI@ND;8,81;ND
GE;RIGA;G;46;01;000050;;LO_00@ND@PR@ND;STI;EURO;;5,22;5,22;A;;;;;;31/12/2021;31/12/2021;SALARI 2021/12;;;;;;;N;;;;;;
GE;CDC;LO_00@ND@PR@ND;5,22;ND
GE;RIGA;G;46;01;000050;;LO_00@ND@RM@ND;STI;EURO;;5,86;5,86;A;;;;;;31/12/2021;31/12/2021;SALARI 2021/12;;;;;;;N;;;;;;
GE;CDC;LO_00@ND@RM@ND;5,86;ND
GE;RIGA;G;46;01;000050;;LO_00@ND@SO@ND;STI;EURO;;10,71;10,71;A;;;;;;31/12/2021;31/12/2021;SALARI 2021/12;;;;;;;N;;;;;;
GE;CDC;LO_00@ND@SO@ND;10,71;ND
GE;RIGA;G;46;01;000050;;LO_00@ND@TA@ND;STI;EURO;;6,67;6,67;A;;;;;;31/12/2021;31/12/2021;SALARI 2021/12;;;;;;;N;;;;;;
GE;CDC;LO_00@ND@TA@ND;6,67;ND
GE;RIGA;G;46;01;000050;;SI_02@ND@SO@SE;STI;EURO;;1,02;1,02;A;;;;;;31/12/2021;31/12/2021;SALARI 2021/12;;;;;;;N;;;;;;
GE;CDC;SI_02@ND@SO@SE;1,02;ND
GE;RIGA;G;46;01;000050;;TR_02@ND@SO@ND;STI;EURO;;0,83;0,83;A;;;;;;31/12/2021;31/12/2021;SALARI 2021/12;;;;;;;N;;;;;;
GE;CDC;TR_02@ND@SO@ND;0,83;ND
GE;RIGA;G;46;01;000050;;TR_02@ND@SO@SE;STI;EURO;;4,76;4,76;A;;;;;;31/12/2021;31/12/2021;SALARI 2021/12;;;;;;;N;;;;;;
GE;CDC;TR_02@ND@SO@SE;4,76;ND
GE;RIGA;G;46;01;000050;;TR_09@ND@MO@ND;STI;EURO;;5,36;5,36;A;;;;;;31/12/2021;31/12/2021;SALARI 2021/12;;;;;;;N;;;;;;
GE;CDC;TR_09@ND@MO@ND;5,36;ND
GE;RIGA;G;46;01;000050;;TR_09@ND@PR@ND;STI;EURO;;2,42;2,42;A;;;;;;31/12/2021;31/12/2021;SALARI 2021/12;;;;;;;N;;;;;;
GE;CDC;TR_09@ND@PR@ND;2,42;ND
GE;RIGA;G;44;01;000006;;EC_0010@ND@BL@ND;STI;EURO;;155,75;155,75;D;;;;;;31/12/2021;31/12/2021;SALARI 2021/12;;;;;;;N;;;;;;
GE;CDC;EC_0010@ND@BL@ND;155,75;ND
GE;RIGA;G;44;01;000006;;EC_0010@ND@BS@ND;STI;EURO;;235,73;235,73;D;;;;;;31/12/2021;31/12/2021;SALARI 2021/12;;;;;;;N;;;;;;
GE;CDC;EC_0010@ND@BS@ND;235,73;ND
GE;RIGA;G;44;01;000006;;LO_00@ND@TA@ND;STI;EURO;;383,44;383,44;D;;;;;;31/12/2021;31/12/2021;SALARI 2021/12;;;;;;;N;;;;;;
GE;CDC;LO_00@ND@TA@ND;383,44;ND
GE;RIGA;G;44;01;000006;;AM_04@ND@SO@ND;STI;EURO;;342,05;342,05;D;;;;;;31/12/2021;31/12/2021;SALARI 2021/12;;;;;;;N;;;;;;
GE;CDC;AM_04@ND@SO@ND;342,05;ND
GE;RIGA;G;44;01;000006;;LO_00@ND@PR@ND;STI;EURO;;122,31;122,31;D;;;;;;31/12/2021;31/12/2021;SALARI 2021/12;;;;;;;N;;;;;;
GE;CDC;LO_00@ND@PR@ND;122,31;ND
GE;RIGA;G;44;01;000001;;AM_04@ND@SO@ND;STI;EURO;;6018,54;6018,54;D;;;;;;31/12/2021;31/12/2021;SALARI 2021/12;;;;;;;N;;;;;;
GE;CDC;AM_04@ND@SO@ND;6018,54;ND
GE;RIGA;G;44;01;000001;;AM_07@ND@SO@SE;STI;EURO;;8556,07;8556,07;D;;;;;;31/12/2021;31/12/2021;SALARI 2021/12;;;;;;;N;;;;;;
GE;CDC;AM_07@ND@SO@SE;8556,07;ND
GE;RIGA;G;44;01;000001;;CO_00@ND@SO@SE;STI;EURO;;8974,68;8974,68;D;;;;;;31/12/2021;31/12/2021;SALARI 2021/12;;;;;;;N;;;;;;
GE;CDC;CO_00@ND@SO@SE;8974,68;ND
GE;RIGA;G;44;01;000001;;CO_01@ND@SO@SE;STI;EURO;;3368,52;3368,52;D;;;;;;31/12/2021;31/12/2021;SALARI 2021/12;;;;;;;N;;;;;;
GE;CDC;CO_01@ND@SO@SE;3368,52;ND
GE;RIGA;G;44;01;000001;;EC_0010@ND@BF@ND;STI;EURO;;16520,40;16520,40;D;;;;;;31/12/2021;31/12/2021;SALARI 2021/12;;;;;;;N;;;;;;
GE;CDC;EC_0010@ND@BF@ND;16520,40;ND
GE;RIGA;G;44;01;000001;;EC_0010@ND@BL@ND;STI;EURO;;145868,65;145868,65;D;;;;;;31/12/2021;31/12/2021;SALARI 2021/12;;;;;;;N;;;;;;
GE;CDC;EC_0010@ND@BL@ND;145868,65;ND
GE;RIGA;G;44;01;000001;;EC_0010@ND@BS@ND;STI;EURO;;71369,87;71369,87;D;;;;;;31/12/2021;31/12/2021;SALARI 2021/12;;;;;;;N;;;;;;
GE;CDC;EC_0010@ND@BS@ND;71369,87;ND
GE;RIGA;G;44;01;000001;;EC_0010@ND@BU@ND;STI;EURO;;40341,18;40341,18;D;;;;;;31/12/2021;31/12/2021;SALARI 2021/12;;;;;;;N;;;;;;
GE;CDC;EC_0010@ND@BU@ND;40341,18;ND
GE;RIGA;G;44;01;000001;;FA_01@ND@SO@SE;STI;EURO;;7633,90;7633,90;D;;;;;;31/12/2021;31/12/2021;SALARI 2021/12;;;;;;;N;;;;;;
GE;CDC;FA_01@ND@SO@SE;7633,90;ND
GE;RIGA;G;44;01;000001;;LO_00@ND@CP@ND;STI;EURO;;8340,77;8340,77;D;;;;;;31/12/2021;31/12/2021;SALARI 2021/12;;;;;;;N;;;;;;
GE;CDC;LO_00@ND@CP@ND;8340,77;ND
GE;RIGA;G;44;01;000001;;LO_00@ND@MO@ND;STI;EURO;;12401,22;12401,22;D;;;;;;31/12/2021;31/12/2021;SALARI 2021/12;;;;;;;N;;;;;;
GE;CDC;LO_00@ND@MO@ND;12401,22;ND
GE;RIGA;G;44;01;000001;;LO_00@ND@RM@ND;STI;EURO;;26095,09;26095,09;D;;;;;;31/12/2021;31/12/2021;SALARI 2021/12;;;;;;;N;;;;;;
GE;CDC;LO_00@ND@RM@ND;26095,09;ND
GE;RIGA;G;44;01;000001;;LO_00@ND@TA@ND;STI;EURO;;24013,86;24013,86;D;;;;;;31/12/2021;31/12/2021;SALARI 2021/12;;;;;;;N;;;;;;
GE;CDC;LO_00@ND@TA@ND;24013,86;ND
GE;RIGA;G;44;01;000001;;SI_02@ND@SO@SE;STI;EURO;;3521,87;3521,87;D;;;;;;31/12/2021;31/12/2021;SALARI 2021/12;;;;;;;N;;;;;;
GE;CDC;SI_02@ND@SO@SE;3521,87;ND
GE;RIGA;G;44;01;000001;;TR_02@ND@SO@SE;STI;EURO;;13221,35;13221,35;D;;;;;;31/12/2021;31/12/2021;SALARI 2021/12;;;;;;;N;;;;;;
GE;CDC;TR_02@ND@SO@SE;13221,35;ND
GE;RIGA;G;44;01;000001;;TR_09@ND@MO@ND;STI;EURO;;14322,56;14322,56;D;;;;;;31/12/2021;31/12/2021;SALARI 2021/12;;;;;;;N;;;;;;
GE;CDC;TR_09@ND@MO@ND;14322,56;ND
GE;RIGA;G;44;01;000001;;AM_07@ND@SO@SE;STI;EURO;;542,01;542,01;A;;;;;;31/12/2021;31/12/2021;SALARI 2021/12;;;;;;;N;;;;;;
GE;CDC;AM_07@ND@SO@SE;542,01;ND
GE;RIGA;G;44;01;000001;;EC_0010@ND@BF@ND;STI;EURO;;580,14;580,14;A;;;;;;31/12/2021;31/12/2021;SALARI 2021/12;;;;;;;N;;;;;;
GE;CDC;EC_0010@ND@BF@ND;580,14;ND
GE;RIGA;G;44;01;000001;;EC_0010@ND@BL@ND;STI;EURO;;15892,61;15892,61;A;;;;;;31/12/2021;31/12/2021;SALARI 2021/12;;;;;;;N;;;;;;
GE;CDC;EC_0010@ND@BL@ND;15892,61;ND
GE;RIGA;G;44;01;000001;;EC_0010@ND@BS@ND;STI;EURO;;1005,87;1005,87;A;;;;;;31/12/2021;31/12/2021;SALARI 2021/12;;;;;;;N;;;;;;
GE;CDC;EC_0010@ND@BS@ND;1005,87;ND
GE;RIGA;G;44;01;000001;;EC_0010@ND@BU@ND;STI;EURO;;4983,34;4983,34;A;;;;;;31/12/2021;31/12/2021;SALARI 2021/12;;;;;;;N;;;;;;
GE;CDC;EC_0010@ND@BU@ND;4983,34;ND
GE;RIGA;G;44;01;000001;;LO_00@ND@PR@ND;STI;EURO;;1442,38;1442,38;A;;;;;;31/12/2021;31/12/2021;SALARI 2021/12;;;;;;;N;;;;;;
GE;CDC;LO_00@ND@PR@ND;1442,38;ND
GE;RIGA;G;44;01;000001;;LO_00@ND@RM@ND;STI;EURO;;1497,09;1497,09;A;;;;;;31/12/2021;31/12/2021;SALARI 2021/12;;;;;;;N;;;;;;
GE;CDC;LO_00@ND@RM@ND;1497,09;ND
GE;RIGA;G;44;01;000001;;LO_00@ND@TA@ND;STI;EURO;;2215,13;2215,13;A;;;;;;31/12/2021;31/12/2021;SALARI 2021/12;;;;;;;N;;;;;;
GE;CDC;LO_00@ND@TA@ND;2215,13;ND
GE;RIGA;G;44;01;000001;;TR_02@ND@SO@SE;STI;EURO;;409,41;409,41;A;;;;;;31/12/2021;31/12/2021;SALARI 2021/12;;;;;;;N;;;;;;
GE;CDC;TR_02@ND@SO@SE;409,41;ND
GE;RIGA;G;43;08;000001;;LO_00@ND@CP@ND;STI;EURO;;7082;7082;D;;;;;;31/12/2021;31/12/2021;SALARI 2021/12;;;;;;;N;;;;;;
GE;CDC;LO_00@ND@CP@ND;7082;ND
GE;RIGA;G;43;08;000001;;LO_00@ND@SO@ND;STI;EURO;;13016;13016;D;;;;;;31/12/2021;31/12/2021;SALARI 2021/12;;;;;;;N;;;;;;
GE;CDC;LO_00@ND@SO@ND;13016;ND
GE;RIGA;G;03;10;000015;;SE;STI;EURO;;1707,29;1707,29;D;;;;;;31/12/2021;31/12/2021;SALARI 2021/12;;;;;;;N;;;;;;
GE;CDC;EC_0010@ND@BL@ND;677,21;ND
GE;CDC;EC_0010@ND@BU@ND;1030,08;ND
GE;RIGA;G;44;01;000001;;AM_00@ND@SO@SE;STI;EURO;;1532,33;1532,33;A;;;;;;31/12/2021;31/12/2021;SALARI 2021/12;;;;;;;N;;;;;;
GE;CDC;AM_00@ND@SO@SE;1532,33;ND
GE;RIGA;G;44;01;000001;;AM_04@ND@SO@ND;STI;EURO;;926,29;926,29;A;;;;;;31/12/2021;31/12/2021;SALARI 2021/12;;;;;;;N;;;;;;
GE;CDC;AM_04@ND@SO@ND;926,29;ND
GE;RIGA;G;44;01;000001;;CO_00@ND@SO@SE;STI;EURO;;791,21;791,21;A;;;;;;31/12/2021;31/12/2021;SALARI 2021/12;;;;;;;N;;;;;;
GE;CDC;CO_00@ND@SO@SE;791,21;ND
GE;RIGA;G;44;01;000001;;CO_01@ND@SO@SE;STI;EURO;;177,37;177,37;A;;;;;;31/12/2021;31/12/2021;SALARI 2021/12;;;;;;;N;;;;;;
GE;CDC;CO_01@ND@SO@SE;177,37;ND
GE;RIGA;G;44;01;000001;;DG_00@ND@SO@SE;STI;EURO;;1062,09;1062,09;A;;;;;;31/12/2021;31/12/2021;SALARI 2021/12;;;;;;;N;;;;;;
GE;CDC;DG_00@ND@SO@SE;1062,09;ND
GE;RIGA;G;44;01;000001;;FA_01@ND@SO@SE;STI;EURO;;125,31;125,31;A;;;;;;31/12/2021;31/12/2021;SALARI 2021/12;;;;;;;N;;;;;;
GE;CDC;FA_01@ND@SO@SE;125,31;ND
GE;RIGA;G;44;01;000001;;LO_00@ND@CP@ND;STI;EURO;;243,26;243,26;A;;;;;;31/12/2021;31/12/2021;SALARI 2021/12;;;;;;;N;;;;;;
GE;CDC;LO_00@ND@CP@ND;243,26;ND
GE;RIGA;G;44;01;000001;;LO_00@ND@SO@ND;STI;EURO;;1503,30;1503,30;A;;;;;;31/12/2021;31/12/2021;SALARI 2021/12;;;;;;;N;;;;;;
GE;CDC;LO_00@ND@SO@ND;1503,30;ND
GE;RIGA;G;44;01;000001;;SI_02@ND@SO@SE;STI;EURO;;332,09;332,09;A;;;;;;31/12/2021;31/12/2021;SALARI 2021/12;;;;;;;N;;;;;;
GE;CDC;SI_02@ND@SO@SE;332,09;ND
GE;RIGA;G;44;01;000001;;TR_09@ND@MO@ND;STI;EURO;;738,02;738,02;A;;;;;;31/12/2021;31/12/2021;SALARI 2021/12;;;;;;;N;;;;;;
GE;CDC;TR_09@ND@MO@ND;738,02;ND
GE;RIGA;G;44;01;000001;;TR_09@ND@PR@ND;STI;EURO;;157,49;157,49;A;;;;;;31/12/2021;31/12/2021;SALARI 2021/12;;;;;;;N;;;;;;
GE;CDC;TR_09@ND@PR@ND;157,49;ND
GE;RIGA;G;44;01;000001;;LO_00@ND@MO@ND;STI;EURO;;178,34;178,34;A;;;;;;31/12/2021;31/12/2021;SALARI 2021/12;;;;;;;N;;;;;;
GE;CDC;LO_00@ND@MO@ND;178,34;ND
GE;RIGA;G;44;01;000001;;TR_02@ND@SO@ND;STI;EURO;;5,86;5,86;A;;;;;;31/12/2021;31/12/2021;SALARI 2021/12;;;;;;;N;;;;;;
GE;CDC;TR_02@ND@SO@ND;5,86;ND
GE;RIGA;G;08;13;000005;;SE;STI;EURO;;6879,56;6879,56;A;;;;;;31/12/2021;31/12/2021;SALARI 2021/12;;;;;;;N;;;;;;
GE;CDC;LO_00@ND@CP@ND;2424,18;ND
GE;CDC;LO_00@ND@SO@ND;4455,38;ND
GE;RIGA;G;43;08;000002;;LO_00@ND@CP@ND;STI;EURO;;1616,12;1616,12;D;;;;;;31/12/2021;31/12/2021;SALARI 2021/12;;;;;;;N;;;;;;
GE;CDC;LO_00@ND@CP@ND;1616,12;ND
GE;RIGA;G;43;08;000002;;LO_00@ND@SO@ND;STI;EURO;;2970,25;2970,25;D;;;;;;31/12/2021;31/12/2021;SALARI 2021/12;;;;;;;N;;;;;;
GE;CDC;LO_00@ND@SO@ND;2970,25;ND
GE;RIGA;G;08;13;000016;;SE;STI;EURO;;120;120;A;;;;;;31/12/2021;31/12/2021;SALARI 2021/12;;;;;;;N;;;;;;
GE;CDC;TR_02@ND@SO@SE;120;ND
GE;RIGA;G;44;01;000003;;CO_00@ND@SO@SE;STI;EURO;;297,34;297,34;D;;;;;;31/12/2021;31/12/2021;SALARI 2021/12;;;;;;;N;;;;;;
GE;CDC;CO_00@ND@SO@SE;297,34;ND
GE;RIGA;G;08;13;000009;;SE;STI;EURO;;388,34;388,34;A;;;;;;31/12/2021;31/12/2021;SALARI 2021/12;;;;;;;N;;;;;;
GE;CDC;CO_00@ND@SO@SE;388,34;ND
GE;RIGA;G;08;13;000015;;SE;STI;EURO;;392,5;392,5;A;;;;;;31/12/2021;31/12/2021;SALARI 2021/12;;;;;;;N;;;;;;
GE;CDC;AM_00@ND@SO@SE;12,5;ND
GE;CDC;AM_04@ND@SO@ND;5;ND
GE;CDC;AM_07@ND@SO@SE;7,5;ND
GE;CDC;CO_01@ND@SO@SE;2,5;ND
GE;CDC;EC_0010@ND@BF@ND;12,5;ND
GE;CDC;EC_0010@ND@BL@ND;112,5;ND
GE;CDC;EC_0010@ND@BS@ND;52,5;ND
GE;CDC;EC_0010@ND@BU@ND;30;ND
GE;CDC;FA_01@ND@SO@SE;2,5;ND
GE;CDC;LO_00@ND@CP@ND;7,5;ND
GE;CDC;LO_00@ND@MO@ND;10;ND
GE;CDC;LO_00@ND@NI@ND;17,5;ND
GE;CDC;LO_00@ND@PR@ND;17,5;ND
GE;CDC;LO_00@ND@RM@ND;22,5;ND
GE;CDC;LO_00@ND@SO@ND;27,5;ND
GE;CDC;LO_00@ND@TA@ND;17,5;ND
GE;CDC;SI_02@ND@SO@SE;2,5;ND
GE;CDC;TR_02@ND@SO@ND;2,5;ND
GE;CDC;TR_02@ND@SO@SE;12,5;ND
GE;CDC;TR_09@ND@MO@ND;12,5;ND
GE;CDC;TR_09@ND@PR@ND;5;ND
GE;RIGA;G;08;13;000011;;SE;STI;EURO;;392,02;392,02;A;;;;;;31/12/2021;31/12/2021;SALARI 2021/12;;;;;;;N;;;;;;
GE;CDC;DG_00@ND@SO@SE;392,02;ND
GE;RIGA;G;08;13;000013;;SE;STI;EURO;;396,77;396,77;A;;;;;;31/12/2021;31/12/2021;SALARI 2021/12;;;;;;;N;;;;;;
GE;CDC;DG_00@ND@SO@SE;396,77;ND
GE;RIGA;G;08;13;000007;;SE;STI;EURO;;847,85;847,85;A;;;;;;31/12/2021;31/12/2021;SALARI 2021/12;;;;;;;N;;;;;;
GE;CDC;DG_00@ND@SO@SE;847,85;ND
GE;RIGA;G;44;01;000003;;DG_00@ND@SO@SE;STI;EURO;;678,47;678,47;D;;;;;;31/12/2021;31/12/2021;SALARI 2021/12;;;;;;;N;;;;;;
GE;CDC;DG_00@ND@SO@SE;678,47;ND
GE;RIGA;G;08;12;000010;;SE;STI;EURO;;95654,96;95654,96;D;;;;;;31/12/2021;31/12/2021;SALARI 2021/12;;;;;;;N;;;;;;
GE;CDC;CO_01@ND@SO@SE;684,94;ND
GE;CDC;LO_00@ND@MO@ND;2293,53;ND
GE;CDC;SI_02@ND@SO@SE;385,93;ND
GE;CDC;AM_00@ND@SO@SE;1200;ND
GE;CDC;AM_04@ND@SO@ND;279,95;ND
GE;CDC;AM_07@ND@SO@SE;1682,37;ND
GE;CDC;EC_0010@ND@BF@ND;2404,95;ND
GE;CDC;EC_0010@ND@BL@ND;42556,45;ND
GE;CDC;EC_0010@ND@BS@ND;14834,21;ND
GE;CDC;EC_0010@ND@BU@ND;7789,19;ND
GE;CDC;LO_00@ND@CP@ND;396,9;ND
GE;CDC;LO_00@ND@NI@ND;4448,24;ND
GE;CDC;LO_00@ND@PR@ND;2083,45;ND
GE;CDC;LO_00@ND@RM@ND;3900,51;ND
GE;CDC;LO_00@ND@SO@ND;2125,68;ND
GE;CDC;LO_00@ND@TA@ND;2502;ND
GE;CDC;TR_02@ND@SO@ND;200,6;ND
GE;CDC;TR_02@ND@SO@SE;1335,75;ND
GE;CDC;TR_09@ND@MO@ND;3001,82;ND
GE;CDC;TR_09@ND@PR@ND;1548,49;ND
GE;RIGA;G;08;12;000014;;SE;STI;EURO;;2861,24;2861,24;A;;;;;;31/12/2021;31/12/2021;SALARI 2021/12;;;;;;;N;;;;;;
GE;CDC;LO_00@ND@CP@ND;1770,8;ND
GE;CDC;LO_00@ND@SO@ND;1090,44;ND
GE;RIGA;G;07;01;000001;;SE;STI;EURO;;18889,68;18889,68;D;;;;;;31/12/2021;31/12/2021;SALARI 2021/12;;;;;;;N;;;;;;
GE;CDC;EC_0010@ND@BL@ND;16126,85;ND
GE;CDC;EC_0010@ND@BU@ND;607,09;ND
GE;CDC;AM_00@ND@SO@SE;140,81;ND
GE;CDC;AM_04@ND@SO@ND;44,69;ND
GE;CDC;AM_07@ND@SO@SE;61,14;ND
GE;CDC;CO_00@ND@SO@SE;17,59;ND
GE;CDC;CO_01@ND@SO@SE;23,04;ND
GE;CDC;DG_00@ND@SO@SE;129,5;ND
GE;CDC;EC_0010@ND@BF@ND;80,57;ND
GE;CDC;EC_0010@ND@BS@ND;374,1;ND
GE;CDC;FA_01@ND@SO@SE;58,62;ND
GE;CDC;LO_00@ND@CP@ND;60,58;ND
GE;CDC;LO_00@ND@MO@ND;87,95;ND
GE;CDC;LO_00@ND@NI@ND;135,74;ND
GE;CDC;LO_00@ND@PR@ND;141,67;ND
GE;CDC;LO_00@ND@RM@ND;179,64;ND
GE;CDC;LO_00@ND@SO@ND;200,5;ND
GE;CDC;LO_00@ND@TA@ND;142,22;ND
GE;CDC;SI_02@ND@SO@SE;25,46;ND
GE;CDC;TR_02@ND@SO@ND;22,1;ND
GE;CDC;TR_02@ND@SO@SE;96,29;ND
GE;CDC;TR_09@ND@MO@ND;99,04;ND
GE;CDC;TR_09@ND@PR@ND;34,49;ND
GE;RIGA;G;07;01;000001;;SE;STI;EURO;;50932,00;50932,00;A;;;;;;31/12/2021;31/12/2021;SALARI 2021/12;;;;;;;N;;;;;;
GE;CDC;EC_0010@ND@BL@ND;12274,6;ND
GE;CDC;EC_0010@ND@BU@ND;2905,73;ND
GE;CDC;AM_00@ND@SO@SE;2360,33;ND
GE;CDC;AM_04@ND@SO@ND;355,98;ND
GE;CDC;AM_07@ND@SO@SE;1200,95;ND
GE;CDC;CO_00@ND@SO@SE;1045,27;ND
GE;CDC;CO_01@ND@SO@SE;395,51;ND
GE;CDC;DG_00@ND@SO@SE;2046,54;ND
GE;CDC;EC_0010@ND@BF@ND;1191,33;ND
GE;CDC;EC_0010@ND@BS@ND;4987,01;ND
GE;CDC;FA_01@ND@SO@SE;916,93;ND
GE;CDC;LO_00@ND@CP@ND;853,39;ND
GE;CDC;LO_00@ND@MO@ND;1971,6;ND
GE;CDC;LO_00@ND@NI@ND;1721,17;ND
GE;CDC;LO_00@ND@PR@ND;2535,7;ND
GE;CDC;LO_00@ND@RM@ND;3519,39;ND
GE;CDC;LO_00@ND@SO@ND;3376,25;ND
GE;CDC;LO_00@ND@TA@ND;2360,1;ND
GE;CDC;SI_02@ND@SO@SE;633,72;ND
GE;CDC;TR_02@ND@SO@ND;494,66;ND
GE;CDC;TR_02@ND@SO@SE;1499,79;ND
GE;CDC;TR_09@ND@MO@ND;1798,33;ND
GE;CDC;TR_09@ND@PR@ND;487,72;ND
GE;RIGA;G;43;08;000102;;AM_00@ND@SO@SE;STI;EURO;;21,4;21,4;D;;;;;;31/12/2021;31/12/2021;SALARI 2021/12;;;;;;;N;;;;;;
GE;CDC;AM_00@ND@SO@SE;21,4;ND
GE;RIGA;G;43;08;000102;;CO_00@ND@SO@SE;STI;EURO;;71,5;71,5;D;;;;;;31/12/2021;31/12/2021;SALARI 2021/12;;;;;;;N;;;;;;
GE;CDC;CO_00@ND@SO@SE;71,5;ND
GE;RIGA;G;43;08;000102;;DG_00@ND@SO@SE;STI;EURO;;319,65;319,65;D;;;;;;31/12/2021;31/12/2021;SALARI 2021/12;;;;;;;N;;;;;;
GE;CDC;DG_00@ND@SO@SE;319,65;ND
GE;RIGA;G;43;08;000102;;EC_0010@ND@BL@ND;STI;EURO;;274,41;274,41;D;;;;;;31/12/2021;31/12/2021;SALARI 2021/12;;;;;;;N;;;;;;
GE;CDC;EC_0010@ND@BL@ND;274,41;ND
GE;RIGA;G;43;08;000102;;EC_0010@ND@BS@ND;STI;EURO;;48,7;48,7;D;;;;;;31/12/2021;31/12/2021;SALARI 2021/12;;;;;;;N;;;;;;
GE;CDC;EC_0010@ND@BS@ND;48,7;ND
GE;RIGA;G;43;08;000102;;FA_01@ND@SO@SE;STI;EURO;;35,18;35,18;D;;;;;;31/12/2021;31/12/2021;SALARI 2021/12;;;;;;;N;;;;;;
GE;CDC;FA_01@ND@SO@SE;35,18;ND
GE;RIGA;G;43;08;000102;;LO_00@ND@PR@ND;STI;EURO;;8;8;D;;;;;;31/12/2021;31/12/2021;SALARI 2021/12;;;;;;;N;;;;;;
GE;CDC;LO_00@ND@PR@ND;8;ND
GE;RIGA;G;43;08;000102;;LO_00@ND@TA@ND;STI;EURO;;245,7;245,7;D;;;;;;31/12/2021;31/12/2021;SALARI 2021/12;;;;;;;N;;;;;;
GE;CDC;LO_00@ND@TA@ND;245,7;ND
GE;RIGA;G;43;08;000103;;CO_00@ND@SO@SE;STI;EURO;;20;20;D;;;;;;31/12/2021;31/12/2021;SALARI 2021/12;;;;;;;N;;;;;;
GE;CDC;CO_00@ND@SO@SE;20;ND
GE;RIGA;G;43;08;000103;;DG_00@ND@SO@SE;STI;EURO;;20;20;D;;;;;;31/12/2021;31/12/2021;SALARI 2021/12;;;;;;;N;;;;;;
GE;CDC;DG_00@ND@SO@SE;20;ND
GE;RIGA;G;43;08;000103;;FA_01@ND@SO@SE;STI;EURO;;35;35;D;;;;;;31/12/2021;31/12/2021;SALARI 2021/12;;;;;;;N;;;;;;
GE;CDC;FA_01@ND@SO@SE;35;ND
GE;RIGA;G;43;08;000105;;CO_00@ND@SO@SE;STI;EURO;;18,2;18,2;D;;;;;;31/12/2021;31/12/2021;SALARI 2021/12;;;;;;;N;;;;;;
GE;CDC;CO_00@ND@SO@SE;18,2;ND
GE;RIGA;G;43;08;000105;;DG_00@ND@SO@SE;STI;EURO;;89,25;89,25;D;;;;;;31/12/2021;31/12/2021;SALARI 2021/12;;;;;;;N;;;;;;
GE;CDC;DG_00@ND@SO@SE;89,25;ND
GE;RIGA;G;43;08;000105;;FA_01@ND@SO@SE;STI;EURO;;7,2;7,2;D;;;;;;31/12/2021;31/12/2021;SALARI 2021/12;;;;;;;N;;;;;;
GE;CDC;FA_01@ND@SO@SE;7,2;ND
GE;RIGA;G;46;01;000019;;EC_0010@ND@BS@ND;STI;EURO;;7,9;7,9;D;;;;;;31/12/2021;31/12/2021;SALARI 2021/12;;;;;;;N;;;;;;
GE;CDC;EC_0010@ND@BS@ND;7,9;ND
GE;RIGA;G;43;08;000100;;AM_00@ND@SO@SE;STI;EURO;;1078,65;1078,65;D;;;;;;31/12/2021;31/12/2021;SALARI 2021/12;;;;;;;N;;;;;;
GE;CDC;AM_00@ND@SO@SE;1078,65;ND
GE;RIGA;G;43;08;000100;;EC_0010@ND@BL@ND;STI;EURO;;4,51;4,51;D;;;;;;31/12/2021;31/12/2021;SALARI 2021/12;;;;;;;N;;;;;;
GE;CDC;EC_0010@ND@BL@ND;4,51;ND
GE;RIGA;G;43;08;000100;;EC_0010@ND@BS@ND;STI;EURO;;88,14;88,14;D;;;;;;31/12/2021;31/12/2021;SALARI 2021/12;;;;;;;N;;;;;;
GE;CDC;EC_0010@ND@BS@ND;88,14;ND
GE;RIGA;G;43;08;000100;;LO_00@ND@TA@ND;STI;EURO;;2535,4;2535,4;D;;;;;;31/12/2021;31/12/2021;SALARI 2021/12;;;;;;;N;;;;;;
GE;CDC;LO_00@ND@TA@ND;2535,4;ND
GE;RIGA;G;08;14;000004;;SE;STI;EURO;;87649,10;87649,10;A;;;;;;31/12/2021;31/12/2021;SALARI 2021/12;;;;;;;N;;;;;;
GE;CDC;AM_00@ND@SO@SE;4198,04;ND
GE;CDC;AM_04@ND@SO@ND;1255,27;ND
GE;CDC;AM_07@ND@SO@SE;1717,13;ND
GE;CDC;CO_00@ND@SO@SE;1593,39;ND
GE;CDC;CO_01@ND@SO@SE;618,99;ND
GE;CDC;DG_00@ND@SO@SE;3274,76;ND
GE;CDC;EC_0010@ND@BF@ND;2292,94;ND
GE;CDC;EC_0010@ND@BL@ND;21345,41;ND
GE;CDC;EC_0010@ND@BS@ND;9642,81;ND
GE;CDC;EC_0010@ND@BU@ND;5503,04;ND
GE;CDC;FA_01@ND@SO@SE;1619,07;ND
GE;CDC;LO_00@ND@CP@ND;1758,24;ND
GE;CDC;LO_00@ND@MO@ND;2231,92;ND
GE;CDC;LO_00@ND@NI@ND;3799,66;ND
GE;CDC;LO_00@ND@PR@ND;3608,77;ND
GE;CDC;LO_00@ND@RM@ND;4974,27;ND
GE;CDC;LO_00@ND@SO@ND;6132,61;ND
GE;CDC;LO_00@ND@TA@ND;4386,67;ND
GE;CDC;SI_02@ND@SO@SE;715,14;ND
GE;CDC;TR_02@ND@SO@ND;578,43;ND
GE;CDC;TR_02@ND@SO@SE;2703,96;ND
GE;CDC;TR_09@ND@MO@ND;2781,43;ND
GE;CDC;TR_09@ND@PR@ND;917,15;ND
GE;RIGA;G;08;13;000021;;SE;STI;EURO;;26906,41;26906,41;A;;;;;;31/12/2021;31/12/2021;SALARI 2021/12;;;;;;;N;;;;;;
GE;CDC;AM_00@ND@SO@SE;1232,53;ND
GE;CDC;AM_04@ND@SO@ND;365,04;ND
GE;CDC;AM_07@ND@SO@SE;504,16;ND
GE;CDC;CO_00@ND@SO@SE;429,58;ND
GE;CDC;CO_01@ND@SO@SE;181,74;ND
GE;CDC;DG_00@ND@SO@SE;882,88;ND
GE;CDC;EC_0010@ND@BF@ND;756,22;ND
GE;CDC;EC_0010@ND@BL@ND;6830,29;ND
GE;CDC;EC_0010@ND@BS@ND;3164,97;ND
GE;CDC;EC_0010@ND@BU@ND;1795,65;ND
GE;CDC;FA_01@ND@SO@SE;475,35;ND
GE;CDC;LO_00@ND@CP@ND;516,22;ND
GE;CDC;LO_00@ND@MO@ND;680,19;ND
GE;CDC;LO_00@ND@NI@ND;1172,78;ND
GE;CDC;LO_00@ND@PR@ND;1062,27;ND
GE;CDC;LO_00@ND@RM@ND;1472,98;ND
GE;CDC;LO_00@ND@SO@ND;1814,85;ND
GE;CDC;LO_00@ND@TA@ND;1284,00;ND
GE;CDC;SI_02@ND@SO@SE;209,98;ND
GE;CDC;TR_02@ND@SO@ND;169,82;ND
GE;CDC;TR_02@ND@SO@SE;724,10;ND
GE;CDC;TR_09@ND@MO@ND;878,36;ND
GE;CDC;TR_09@ND@PR@ND;302,45;ND
GE;RIGA;G;08;13;000021;;SE;STI;EURO;;98299,41;98299,41;D;;;;;;31/12/2021;31/12/2021;SALARI 2021/12;;;;;;;N;;;;;;
GE;CDC;AM_00@ND@SO@SE;4109,71;ND
GE;CDC;AM_04@ND@SO@ND;1511,41;ND
GE;CDC;AM_07@ND@SO@SE;1823,17;ND
GE;CDC;CO_00@ND@SO@SE;1753,88;ND
GE;CDC;CO_01@ND@SO@SE;670,96;ND
GE;CDC;DG_00@ND@SO@SE;3436,06;ND
GE;CDC;EC_0010@ND@BF@ND;2425,39;ND
GE;CDC;EC_0010@ND@BL@ND;28316,68;ND
GE;CDC;EC_0010@ND@BS@ND;11180,93;ND
GE;CDC;EC_0010@ND@BU@ND;6046,40;ND
GE;CDC;FA_01@ND@SO@SE;1655,58;ND
GE;CDC;LO_00@ND@CP@ND;1695,96;ND
GE;CDC;LO_00@ND@MO@ND;2369,70;ND
GE;CDC;LO_00@ND@NI@ND;3048,89;ND
GE;CDC;LO_00@ND@PR@ND;4049,54;ND
GE;CDC;LO_00@ND@RM@ND;5554,20;ND
GE;CDC;LO_00@ND@SO@ND;5815,05;ND
GE;CDC;LO_00@ND@TA@ND;4717,60;ND
GE;CDC;SI_02@ND@SO@SE;812,52;ND
GE;CDC;TR_02@ND@SO@ND;580,05;ND
GE;CDC;TR_02@ND@SO@SE;2743,73;ND
GE;CDC;TR_09@ND@MO@ND;3224,27;ND
GE;CDC;TR_09@ND@PR@ND;757,73;ND
GE;RIGA;G;44;01;000002;;AM_00@ND@SO@SE;STI;EURO;;4109,71;4109,71;A;;;;;;31/12/2021;31/12/2021;SALARI 2021/12;;;;;;;N;;;;;;
GE;CDC;AM_00@ND@SO@SE;4109,71;ND
GE;RIGA;G;44;01;000002;;AM_04@ND@SO@ND;STI;EURO;;1511,41;1511,41;A;;;;;;31/12/2021;31/12/2021;SALARI 2021/12;;;;;;;N;;;;;;
GE;CDC;AM_04@ND@SO@ND;1511,41;ND
GE;RIGA;G;44;01;000002;;AM_07@ND@SO@SE;STI;EURO;;1823,17;1823,17;A;;;;;;31/12/2021;31/12/2021;SALARI 2021/12;;;;;;;N;;;;;;
GE;CDC;AM_07@ND@SO@SE;1823,17;ND
GE;RIGA;G;44;01;000002;;CO_00@ND@SO@SE;STI;EURO;;1753,88;1753,88;A;;;;;;31/12/2021;31/12/2021;SALARI 2021/12;;;;;;;N;;;;;;
GE;CDC;CO_00@ND@SO@SE;1753,88;ND
GE;RIGA;G;44;01;000002;;CO_01@ND@SO@SE;STI;EURO;;670,96;670,96;A;;;;;;31/12/2021;31/12/2021;SALARI 2021/12;;;;;;;N;;;;;;
GE;CDC;CO_01@ND@SO@SE;670,96;ND
GE;RIGA;G;44;01;000002;;DG_00@ND@SO@SE;STI;EURO;;3436,06;3436,06;A;;;;;;31/12/2021;31/12/2021;SALARI 2021/12;;;;;;;N;;;;;;
GE;CDC;DG_00@ND@SO@SE;3436,06;ND
GE;RIGA;G;44;01;000002;;EC_0010@ND@BF@ND;STI;EURO;;2425,39;2425,39;A;;;;;;31/12/2021;31/12/2021;SALARI 2021/12;;;;;;;N;;;;;;
GE;CDC;EC_0010@ND@BF@ND;2425,39;ND
GE;RIGA;G;44;01;000002;;EC_0010@ND@BL@ND;STI;EURO;;28316,68;28316,68;A;;;;;;31/12/2021;31/12/2021;SALARI 2021/12;;;;;;;N;;;;;;
GE;CDC;EC_0010@ND@BL@ND;28316,68;ND
GE;RIGA;G;44;01;000002;;EC_0010@ND@BS@ND;STI;EURO;;11180,93;11180,93;A;;;;;;31/12/2021;31/12/2021;SALARI 2021/12;;;;;;;N;;;;;;
GE;CDC;EC_0010@ND@BS@ND;11180,93;ND
GE;RIGA;G;44;01;000002;;FA_01@ND@SO@SE;STI;EURO;;1655,58;1655,58;A;;;;;;31/12/2021;31/12/2021;SALARI 2021/12;;;;;;;N;;;;;;
GE;CDC;FA_01@ND@SO@SE;1655,58;ND
GE;RIGA;G;44;01;000002;;LO_00@ND@CP@ND;STI;EURO;;1695,96;1695,96;A;;;;;;31/12/2021;31/12/2021;SALARI 2021/12;;;;;;;N;;;;;;
GE;CDC;LO_00@ND@CP@ND;1695,96;ND
GE;RIGA;G;44;01;000002;;LO_00@ND@MO@ND;STI;EURO;;2369,70;2369,70;A;;;;;;31/12/2021;31/12/2021;SALARI 2021/12;;;;;;;N;;;;;;
GE;CDC;LO_00@ND@MO@ND;2369,70;ND
GE;RIGA;G;44;01;000002;;LO_00@ND@NI@ND;STI;EURO;;3048,89;3048,89;A;;;;;;31/12/2021;31/12/2021;SALARI 2021/12;;;;;;;N;;;;;;
GE;CDC;LO_00@ND@NI@ND;3048,89;ND
GE;RIGA;G;44;01;000002;;LO_00@ND@PR@ND;STI;EURO;;4049,54;4049,54;A;;;;;;31/12/2021;31/12/2021;SALARI 2021/12;;;;;;;N;;;;;;
GE;CDC;LO_00@ND@PR@ND;4049,54;ND
GE;RIGA;G;44;01;000002;;LO_00@ND@RM@ND;STI;EURO;;5554,20;5554,20;A;;;;;;31/12/2021;31/12/2021;SALARI 2021/12;;;;;;;N;;;;;;
GE;CDC;LO_00@ND@RM@ND;5554,20;ND
GE;RIGA;G;44;01;000002;;SI_02@ND@SO@SE;STI;EURO;;812,52;812,52;A;;;;;;31/12/2021;31/12/2021;SALARI 2021/12;;;;;;;N;;;;;;
GE;CDC;SI_02@ND@SO@SE;812,52;ND
GE;RIGA;G;44;01;000002;;TR_02@ND@SO@ND;STI;EURO;;580,05;580,05;A;;;;;;31/12/2021;31/12/2021;SALARI 2021/12;;;;;;;N;;;;;;
GE;CDC;TR_02@ND@SO@ND;580,05;ND
GE;RIGA;G;44;01;000002;;TR_02@ND@SO@SE;STI;EURO;;2743,73;2743,73;A;;;;;;31/12/2021;31/12/2021;SALARI 2021/12;;;;;;;N;;;;;;
GE;CDC;TR_02@ND@SO@SE;2743,73;ND
GE;RIGA;G;44;01;000002;;TR_09@ND@MO@ND;STI;EURO;;3224,27;3224,27;A;;;;;;31/12/2021;31/12/2021;SALARI 2021/12;;;;;;;N;;;;;;
GE;CDC;TR_09@ND@MO@ND;3224,27;ND
GE;RIGA;G;44;01;000002;;TR_09@ND@PR@ND;STI;EURO;;757,73;757,73;A;;;;;;31/12/2021;31/12/2021;SALARI 2021/12;;;;;;;N;;;;;;
GE;CDC;TR_09@ND@PR@ND;757,73;ND
GE;RIGA;G;08;13;000023;;SE;STI;EURO;;3306,01;3306,01;A;;;;;;31/12/2021;31/12/2021;SALARI 2021/12;;;;;;;N;;;;;;
GE;CDC;AM_00@ND@SO@SE;20,13;ND
GE;CDC;AM_04@ND@SO@ND;6,01;ND
GE;CDC;AM_07@ND@SO@SE;22,21;ND
GE;CDC;CO_00@ND@SO@SE;14,11;ND
GE;CDC;CO_01@ND@SO@SE;2,98;ND
GE;CDC;DG_00@ND@SO@SE;28,98;ND
GE;CDC;EC_0010@ND@BF@ND;159,69;ND
GE;CDC;EC_0010@ND@BL@ND;1428,23;ND
GE;CDC;EC_0010@ND@BS@ND;671,48;ND
GE;CDC;EC_0010@ND@BU@ND;383,25;ND
GE;CDC;FA_01@ND@SO@SE;14,34;ND
GE;CDC;LO_00@ND@CP@ND;7,64;ND
GE;CDC;LO_00@ND@MO@ND;57,58;ND
GE;CDC;LO_00@ND@NI@ND;93,02;ND
GE;CDC;LO_00@ND@PR@ND;18,77;ND
GE;CDC;LO_00@ND@RM@ND;50,30;ND
GE;CDC;LO_00@ND@SO@ND;29,42;ND
GE;CDC;LO_00@ND@TA@ND;21,08;ND
GE;CDC;SI_02@ND@SO@SE;3,42;ND
GE;CDC;TR_02@ND@SO@ND;2,77;ND
GE;CDC;TR_02@ND@SO@SE;13,00;ND
GE;CDC;TR_09@ND@MO@ND;193,73;ND
GE;CDC;TR_09@ND@PR@ND;63,87;ND
GE;RIGA;G;08;13;000023;;SE;STI;EURO;;12086,15;12086,15;D;;;;;;31/12/2021;31/12/2021;SALARI 2021/12;;;;;;;N;;;;;;
GE;CDC;AM_00@ND@SO@SE;67,19;ND
GE;CDC;AM_04@ND@SO@ND;24,95;ND
GE;CDC;AM_07@ND@SO@SE;77,31;ND
GE;CDC;CO_00@ND@SO@SE;57,57;ND
GE;CDC;CO_01@ND@SO@SE;10,97;ND
GE;CDC;DG_00@ND@SO@SE;112,79;ND
GE;CDC;EC_0010@ND@BF@ND;512,15;ND
GE;CDC;EC_0010@ND@BL@ND;5628,26;ND
GE;CDC;EC_0010@ND@BS@ND;2372,98;ND
GE;CDC;EC_0010@ND@BU@ND;1292,73;ND
GE;CDC;FA_01@ND@SO@SE;49,91;ND
GE;CDC;LO_00@ND@CP@ND;25,07;ND
GE;CDC;LO_00@ND@MO@ND;198,35;ND
GE;CDC;LO_00@ND@NI@ND;242,56;ND
GE;CDC;LO_00@ND@PR@ND;103,66;ND
GE;CDC;LO_00@ND@RM@ND;198,82;ND
GE;CDC;LO_00@ND@SO@ND;94,85;ND
GE;CDC;LO_00@ND@TA@ND;77,38;ND
GE;CDC;SI_02@ND@SO@SE;13,28;ND
GE;CDC;TR_02@ND@SO@ND;9,48;ND
GE;CDC;TR_02@ND@SO@SE;44,86;ND
GE;CDC;TR_09@ND@MO@ND;711,02;ND
GE;CDC;TR_09@ND@PR@ND;160,01;ND
GE;RIGA;G;44;01;000004;;AM_00@ND@SO@SE;STI;EURO;;67,19;67,19;A;;;;;;31/12/2021;31/12/2021;SALARI 2021/12;;;;;;;N;;;;;;
GE;CDC;AM_00@ND@SO@SE;67,19;ND
GE;RIGA;G;44;01;000004;;AM_04@ND@SO@ND;STI;EURO;;24,95;24,95;A;;;;;;31/12/2021;31/12/2021;SALARI 2021/12;;;;;;;N;;;;;;
GE;CDC;AM_04@ND@SO@ND;24,95;ND
GE;RIGA;G;44;01;000004;;AM_07@ND@SO@SE;STI;EURO;;77,31;77,31;A;;;;;;31/12/2021;31/12/2021;SALARI 2021/12;;;;;;;N;;;;;;
GE;CDC;AM_07@ND@SO@SE;77,31;ND
GE;RIGA;G;44;01;000004;;CO_00@ND@SO@SE;STI;EURO;;57,57;57,57;A;;;;;;31/12/2021;31/12/2021;SALARI 2021/12;;;;;;;N;;;;;;
GE;CDC;CO_00@ND@SO@SE;57,57;ND
GE;RIGA;G;44;01;000004;;CO_01@ND@SO@SE;STI;EURO;;10,97;10,97;A;;;;;;31/12/2021;31/12/2021;SALARI 2021/12;;;;;;;N;;;;;;
GE;CDC;CO_01@ND@SO@SE;10,97;ND
GE;RIGA;G;44;01;000004;;DG_00@ND@SO@SE;STI;EURO;;112,79;112,79;A;;;;;;31/12/2021;31/12/2021;SALARI 2021/12;;;;;;;N;;;;;;
GE;CDC;DG_00@ND@SO@SE;112,79;ND
GE;RIGA;G;44;01;000004;;EC_0010@ND@BF@ND;STI;EURO;;512,15;512,15;A;;;;;;31/12/2021;31/12/2021;SALARI 2021/12;;;;;;;N;;;;;;
GE;CDC;EC_0010@ND@BF@ND;512,15;ND
GE;RIGA;G;44;01;000004;;EC_0010@ND@BL@ND;STI;EURO;;5628,26;5628,26;A;;;;;;31/12/2021;31/12/2021;SALARI 2021/12;;;;;;;N;;;;;;
GE;CDC;EC_0010@ND@BL@ND;5628,26;ND
GE;RIGA;G;44;01;000004;;EC_0010@ND@BS@ND;STI;EURO;;2372,98;2372,98;A;;;;;;31/12/2021;31/12/2021;SALARI 2021/12;;;;;;;N;;;;;;
GE;CDC;EC_0010@ND@BS@ND;2372,98;ND
GE;RIGA;G;44;01;000004;;EC_0010@ND@BU@ND;STI;EURO;;1292,73;1292,73;A;;;;;;31/12/2021;31/12/2021;SALARI 2021/12;;;;;;;N;;;;;;
GE;CDC;EC_0010@ND@BU@ND;1292,73;ND
GE;RIGA;G;44;01;000004;;FA_01@ND@SO@SE;STI;EURO;;49,91;49,91;A;;;;;;31/12/2021;31/12/2021;SALARI 2021/12;;;;;;;N;;;;;;
GE;CDC;FA_01@ND@SO@SE;49,91;ND
GE;RIGA;G;44;01;000004;;LO_00@ND@CP@ND;STI;EURO;;25,07;25,07;A;;;;;;31/12/2021;31/12/2021;SALARI 2021/12;;;;;;;N;;;;;;
GE;CDC;LO_00@ND@CP@ND;25,07;ND
GE;RIGA;G;44;01;000004;;LO_00@ND@MO@ND;STI;EURO;;198,35;198,35;A;;;;;;31/12/2021;31/12/2021;SALARI 2021/12;;;;;;;N;;;;;;
GE;CDC;LO_00@ND@MO@ND;198,35;ND
GE;RIGA;G;44;01;000004;;LO_00@ND@NI@ND;STI;EURO;;242,56;242,56;A;;;;;;31/12/2021;31/12/2021;SALARI 2021/12;;;;;;;N;;;;;;
GE;CDC;LO_00@ND@NI@ND;242,56;ND
GE;RIGA;G;44;01;000004;;LO_00@ND@PR@ND;STI;EURO;;103,66;103,66;A;;;;;;31/12/2021;31/12/2021;SALARI 2021/12;;;;;;;N;;;;;;
GE;CDC;LO_00@ND@PR@ND;103,66;ND
GE;RIGA;G;44;01;000004;;LO_00@ND@RM@ND;STI;EURO;;198,82;198,82;A;;;;;;31/12/2021;31/12/2021;SALARI 2021/12;;;;;;;N;;;;;;
GE;CDC;LO_00@ND@RM@ND;198,82;ND
GE;RIGA;G;44;01;000004;;LO_00@ND@SO@ND;STI;EURO;;94,85;94,85;A;;;;;;31/12/2021;31/12/2021;SALARI 2021/12;;;;;;;N;;;;;;
GE;CDC;LO_00@ND@SO@ND;94,85;ND
GE;RIGA;G;44;01;000004;;LO_00@ND@TA@ND;STI;EURO;;77,38;77,38;A;;;;;;31/12/2021;31/12/2021;SALARI 2021/12;;;;;;;N;;;;;;
GE;CDC;LO_00@ND@TA@ND;77,38;ND
GE;RIGA;G;44;01;000004;;SI_02@ND@SO@SE;STI;EURO;;13,28;13,28;A;;;;;;31/12/2021;31/12/2021;SALARI 2021/12;;;;;;;N;;;;;;
GE;CDC;SI_02@ND@SO@SE;13,28;ND
GE;RIGA;G;44;01;000004;;TR_02@ND@SO@ND;STI;EURO;;9,48;9,48;A;;;;;;31/12/2021;31/12/2021;SALARI 2021/12;;;;;;;N;;;;;;
GE;CDC;TR_02@ND@SO@ND;9,48;ND
GE;RIGA;G;44;01;000004;;TR_02@ND@SO@SE;STI;EURO;;44,86;44,86;A;;;;;;31/12/2021;31/12/2021;SALARI 2021/12;;;;;;;N;;;;;;
GE;CDC;TR_02@ND@SO@SE;44,86;ND
GE;RIGA;G;44;01;000004;;TR_09@ND@MO@ND;STI;EURO;;711,02;711,02;A;;;;;;31/12/2021;31/12/2021;SALARI 2021/12;;;;;;;N;;;;;;
GE;CDC;TR_09@ND@MO@ND;711,02;ND
GE;RIGA;G;44;01;000004;;TR_09@ND@PR@ND;STI;EURO;;160,01;160,01;A;;;;;;31/12/2021;31/12/2021;SALARI 2021/12;;;;;;;N;;;;;;
GE;CDC;TR_09@ND@PR@ND;160,01;ND
GE;RIGA;G;44;01;000005;;AM_00@ND@SO@SE;STI;EURO;;2360,33;2360,33;D;;;;;;31/12/2021;31/12/2021;SALARI 2021/12;;;;;;;N;;;;;;
GE;CDC;AM_00@ND@SO@SE;2360,33;ND
GE;RIGA;G;44;01;000005;;AM_04@ND@SO@ND;STI;EURO;;355,98;355,98;D;;;;;;31/12/2021;31/12/2021;SALARI 2021/12;;;;;;;N;;;;;;
GE;CDC;AM_04@ND@SO@ND;355,98;ND
GE;RIGA;G;44;01;000005;;AM_07@ND@SO@SE;STI;EURO;;1200,95;1200,95;D;;;;;;31/12/2021;31/12/2021;SALARI 2021/12;;;;;;;N;;;;;;
GE;CDC;AM_07@ND@SO@SE;1200,95;ND
GE;RIGA;G;44;01;000005;;CO_00@ND@SO@SE;STI;EURO;;1045,27;1045,27;D;;;;;;31/12/2021;31/12/2021;SALARI 2021/12;;;;;;;N;;;;;;
GE;CDC;CO_00@ND@SO@SE;1045,27;ND
GE;RIGA;G;44;01;000005;;CO_01@ND@SO@SE;STI;EURO;;395,51;395,51;D;;;;;;31/12/2021;31/12/2021;SALARI 2021/12;;;;;;;N;;;;;;
GE;CDC;CO_01@ND@SO@SE;395,51;ND
GE;RIGA;G;44;01;000005;;DG_00@ND@SO@SE;STI;EURO;;2046,54;2046,54;D;;;;;;31/12/2021;31/12/2021;SALARI 2021/12;;;;;;;N;;;;;;
GE;CDC;DG_00@ND@SO@SE;2046,54;ND
GE;RIGA;G;44;01;000005;;EC_0010@ND@BF@ND;STI;EURO;;1191,33;1191,33;D;;;;;;31/12/2021;31/12/2021;SALARI 2021/12;;;;;;;N;;;;;;
GE;CDC;EC_0010@ND@BF@ND;1191,33;ND
GE;RIGA;G;44;01;000005;;EC_0010@ND@BL@ND;STI;EURO;;11852,5;11852,5;D;;;;;;31/12/2021;31/12/2021;SALARI 2021/12;;;;;;;N;;;;;;
GE;CDC;EC_0010@ND@BL@ND;11852,5;ND
GE;RIGA;G;44;01;000005;;EC_0010@ND@BS@ND;STI;EURO;;4987,01;4987,01;D;;;;;;31/12/2021;31/12/2021;SALARI 2021/12;;;;;;;N;;;;;;
GE;CDC;EC_0010@ND@BS@ND;4987,01;ND
GE;RIGA;G;44;01;000005;;EC_0010@ND@BU@ND;STI;EURO;;2873,56;2873,56;D;;;;;;31/12/2021;31/12/2021;SALARI 2021/12;;;;;;;N;;;;;;
GE;CDC;EC_0010@ND@BU@ND;2873,56;ND
GE;RIGA;G;44;01;000005;;FA_01@ND@SO@SE;STI;EURO;;916,93;916,93;D;;;;;;31/12/2021;31/12/2021;SALARI 2021/12;;;;;;;N;;;;;;
GE;CDC;FA_01@ND@SO@SE;916,93;ND
GE;RIGA;G;44;01;000005;;LO_00@ND@CP@ND;STI;EURO;;853,39;853,39;D;;;;;;31/12/2021;31/12/2021;SALARI 2021/12;;;;;;;N;;;;;;
GE;CDC;LO_00@ND@CP@ND;853,39;ND
GE;RIGA;G;44;01;000005;;LO_00@ND@MO@ND;STI;EURO;;1971,6;1971,6;D;;;;;;31/12/2021;31/12/2021;SALARI 2021/12;;;;;;;N;;;;;;
GE;CDC;LO_00@ND@MO@ND;1971,6;ND
GE;RIGA;G;44;01;000005;;LO_00@ND@NI@ND;STI;EURO;;1721,17;1721,17;D;;;;;;31/12/2021;31/12/2021;SALARI 2021/12;;;;;;;N;;;;;;
GE;CDC;LO_00@ND@NI@ND;1721,17;ND
GE;RIGA;G;44;01;000005;;LO_00@ND@PR@ND;STI;EURO;;2535,7;2535,7;D;;;;;;31/12/2021;31/12/2021;SALARI 2021/12;;;;;;;N;;;;;;
GE;CDC;LO_00@ND@PR@ND;2535,7;ND
GE;RIGA;G;44;01;000005;;LO_00@ND@RM@ND;STI;EURO;;3519,39;3519,39;D;;;;;;31/12/2021;31/12/2021;SALARI 2021/12;;;;;;;N;;;;;;
GE;CDC;LO_00@ND@RM@ND;3519,39;ND
GE;RIGA;G;44;01;000005;;LO_00@ND@SO@ND;STI;EURO;;3376,25;3376,25;D;;;;;;31/12/2021;31/12/2021;SALARI 2021/12;;;;;;;N;;;;;;
GE;CDC;LO_00@ND@SO@ND;3376,25;ND
GE;RIGA;G;44;01;000005;;LO_00@ND@TA@ND;STI;EURO;;2360,1;2360,1;D;;;;;;31/12/2021;31/12/2021;SALARI 2021/12;;;;;;;N;;;;;;
GE;CDC;LO_00@ND@TA@ND;2360,1;ND
GE;RIGA;G;44;01;000005;;SI_02@ND@SO@SE;STI;EURO;;633,72;633,72;D;;;;;;31/12/2021;31/12/2021;SALARI 2021/12;;;;;;;N;;;;;;
GE;CDC;SI_02@ND@SO@SE;633,72;ND
GE;RIGA;G;44;01;000005;;TR_02@ND@SO@ND;STI;EURO;;494,66;494,66;D;;;;;;31/12/2021;31/12/2021;SALARI 2021/12;;;;;;;N;;;;;;
GE;CDC;TR_02@ND@SO@ND;494,66;ND
GE;RIGA;G;44;01;000005;;TR_02@ND@SO@SE;STI;EURO;;1499,79;1499,79;D;;;;;;31/12/2021;31/12/2021;SALARI 2021/12;;;;;;;N;;;;;;
GE;CDC;TR_02@ND@SO@SE;1499,79;ND
GE;RIGA;G;44;01;000005;;TR_09@ND@MO@ND;STI;EURO;;1798,33;1798,33;D;;;;;;31/12/2021;31/12/2021;SALARI 2021/12;;;;;;;N;;;;;;
GE;CDC;TR_09@ND@MO@ND;1798,33;ND
GE;RIGA;G;44;01;000005;;TR_09@ND@PR@ND;STI;EURO;;487,72;487,72;D;;;;;;31/12/2021;31/12/2021;SALARI 2021/12;;;;;;;N;;;;;;
GE;CDC;TR_09@ND@PR@ND;487,72;ND
GE;RIGA;G;44;01;000005;;AM_00@ND@SO@SE;STI;EURO;;140,81;140,81;A;;;;;;31/12/2021;31/12/2021;SALARI 2021/12;;;;;;;N;;;;;;
GE;CDC;AM_00@ND@SO@SE;140,81;ND
GE;RIGA;G;44;01;000005;;AM_04@ND@SO@ND;STI;EURO;;44,69;44,69;A;;;;;;31/12/2021;31/12/2021;SALARI 2021/12;;;;;;;N;;;;;;
GE;CDC;AM_04@ND@SO@ND;44,69;ND
GE;RIGA;G;44;01;000005;;AM_07@ND@SO@SE;STI;EURO;;61,14;61,14;A;;;;;;31/12/2021;31/12/2021;SALARI 2021/12;;;;;;;N;;;;;;
GE;CDC;AM_07@ND@SO@SE;61,14;ND
GE;RIGA;G;44;01;000005;;CO_00@ND@SO@SE;STI;EURO;;17,59;17,59;A;;;;;;31/12/2021;31/12/2021;SALARI 2021/12;;;;;;;N;;;;;;
GE;CDC;CO_00@ND@SO@SE;17,59;ND
GE;RIGA;G;44;01;000005;;CO_01@ND@SO@SE;STI;EURO;;23,04;23,04;A;;;;;;31/12/2021;31/12/2021;SALARI 2021/12;;;;;;;N;;;;;;
GE;CDC;CO_01@ND@SO@SE;23,04;ND
GE;RIGA;G;44;01;000005;;DG_00@ND@SO@SE;STI;EURO;;129,5;129,5;A;;;;;;31/12/2021;31/12/2021;SALARI 2021/12;;;;;;;N;;;;;;
GE;CDC;DG_00@ND@SO@SE;129,5;ND
GE;RIGA;G;44;01;000005;;EC_0010@ND@BF@ND;STI;EURO;;80,57;80,57;A;;;;;;31/12/2021;31/12/2021;SALARI 2021/12;;;;;;;N;;;;;;
GE;CDC;EC_0010@ND@BF@ND;80,57;ND
GE;RIGA;G;44;01;000005;;EC_0010@ND@BL@ND;STI;EURO;;834,2;834,2;A;;;;;;31/12/2021;31/12/2021;SALARI 2021/12;;;;;;;N;;;;;;
GE;CDC;EC_0010@ND@BL@ND;834,2;ND
GE;RIGA;G;44;01;000005;;EC_0010@ND@BS@ND;STI;EURO;;374,1;374,1;A;;;;;;31/12/2021;31/12/2021;SALARI 2021/12;;;;;;;N;;;;;;
GE;CDC;EC_0010@ND@BS@ND;374,1;ND
GE;RIGA;G;44;01;000005;;EC_0010@ND@BU@ND;STI;EURO;;163,22;163,22;A;;;;;;31/12/2021;31/12/2021;SALARI 2021/12;;;;;;;N;;;;;;
GE;CDC;EC_0010@ND@BU@ND;163,22;ND
GE;RIGA;G;44;01;000005;;FA_01@ND@SO@SE;STI;EURO;;58,62;58,62;A;;;;;;31/12/2021;31/12/2021;SALARI 2021/12;;;;;;;N;;;;;;
GE;CDC;FA_01@ND@SO@SE;58,62;ND
GE;RIGA;G;44;01;000005;;LO_00@ND@CP@ND;STI;EURO;;60,58;60,58;A;;;;;;31/12/2021;31/12/2021;SALARI 2021/12;;;;;;;N;;;;;;
GE;CDC;LO_00@ND@CP@ND;60,58;ND
GE;RIGA;G;44;01;000005;;LO_00@ND@MO@ND;STI;EURO;;87,95;87,95;A;;;;;;31/12/2021;31/12/2021;SALARI 2021/12;;;;;;;N;;;;;;
GE;CDC;LO_00@ND@MO@ND;87,95;ND
GE;RIGA;G;44;01;000005;;LO_00@ND@NI@ND;STI;EURO;;135,74;135,74;A;;;;;;31/12/2021;31/12/2021;SALARI 2021/12;;;;;;;N;;;;;;
GE;CDC;LO_00@ND@NI@ND;135,74;ND
GE;RIGA;G;44;01;000005;;LO_00@ND@PR@ND;STI;EURO;;141,67;141,67;A;;;;;;31/12/2021;31/12/2021;SALARI 2021/12;;;;;;;N;;;;;;
GE;CDC;LO_00@ND@PR@ND;141,67;ND
GE;RIGA;G;44;01;000005;;LO_00@ND@RM@ND;STI;EURO;;179,64;179,64;A;;;;;;31/12/2021;31/12/2021;SALARI 2021/12;;;;;;;N;;;;;;
GE;CDC;LO_00@ND@RM@ND;179,64;ND
GE;RIGA;G;44;01;000005;;LO_00@ND@SO@ND;STI;EURO;;200,5;200,5;A;;;;;;31/12/2021;31/12/2021;SALARI 2021/12;;;;;;;N;;;;;;
GE;CDC;LO_00@ND@SO@ND;200,5;ND
GE;RIGA;G;44;01;000005;;LO_00@ND@TA@ND;STI;EURO;;142,22;142,22;A;;;;;;31/12/2021;31/12/2021;SALARI 2021/12;;;;;;;N;;;;;;
GE;CDC;LO_00@ND@TA@ND;142,22;ND
GE;RIGA;G;44;01;000005;;SI_02@ND@SO@SE;STI;EURO;;25,46;25,46;A;;;;;;31/12/2021;31/12/2021;SALARI 2021/12;;;;;;;N;;;;;;
GE;CDC;SI_02@ND@SO@SE;25,46;ND
GE;RIGA;G;44;01;000005;;TR_02@ND@SO@ND;STI;EURO;;22,1;22,1;A;;;;;;31/12/2021;31/12/2021;SALARI 2021/12;;;;;;;N;;;;;;
GE;CDC;TR_02@ND@SO@ND;22,1;ND
GE;RIGA;G;44;01;000005;;TR_02@ND@SO@SE;STI;EURO;;96,29;96,29;A;;;;;;31/12/2021;31/12/2021;SALARI 2021/12;;;;;;;N;;;;;;
GE;CDC;TR_02@ND@SO@SE;96,29;ND
GE;RIGA;G;44;01;000005;;TR_09@ND@MO@ND;STI;EURO;;99,04;99,04;A;;;;;;31/12/2021;31/12/2021;SALARI 2021/12;;;;;;;N;;;;;;
GE;CDC;TR_09@ND@MO@ND;99,04;ND
GE;RIGA;G;44;01;000005;;TR_09@ND@PR@ND;STI;EURO;;34,49;34,49;A;;;;;;31/12/2021;31/12/2021;SALARI 2021/12;;;;;;;N;;;;;;
GE;CDC;TR_09@ND@PR@ND;34,49;ND
GE;RIGA;G;08;12;000016;;SE;STI;EURO;;67,11;67,11;A;;;;;;31/12/2021;31/12/2021;SALARI 2021/12;;;;;;;N;;;;;;
GE;CDC;EC_0010@ND@BL@ND;67,11;ND
GE;FINE
CODA
